name,threads,delay,time_ns,net_runtime_s,stdev_ns,p_ns,total_runtime_min

"MS Queue using Tagged Pointers",1,0,49.751567,0.497516,0.037276,0.000749,0.170368
"MS Queue using Tagged Pointers",1,0,49.763786,0.497638,0.025564,0.000514,0.170425
"MS Queue using Tagged Pointers",1,0,49.763325,0.497633,0.038639,0.000776,0.170474
"MS Queue using Tagged Pointers",1,250,31.675000,0.316750,0.081090,0.002560,1.168477
"MS Queue using Tagged Pointers",1,250,31.642478,0.316425,0.088888,0.002809,1.168294
"MS Queue using Tagged Pointers",1,250,31.730499,0.317305,0.055573,0.001751,1.168738
"MS Queue using Tagged Pointers",1,500,27.752960,0.277530,0.506647,0.018256,2.206241
"MS Queue using Tagged Pointers",1,500,27.792192,0.277922,0.413524,0.014879,2.206007
"MS Queue using Tagged Pointers",1,500,24.537155,0.245372,0.332626,0.013556,2.197026
"MS Queue using Tagged Pointers",1,750,36.961920,0.369619,0.142130,0.003845,3.274903
"MS Queue using Tagged Pointers",1,750,36.828567,0.368286,0.124940,0.003392,3.274418
"MS Queue using Tagged Pointers",1,750,36.845681,0.368457,0.104428,0.002834,3.274528
"MS Queue using Tagged Pointers",1,1000,34.604951,0.346050,0.168662,0.004874,4.310631
"MS Queue using Tagged Pointers",1,1000,34.714783,0.347148,0.175936,0.005068,4.310930
"MS Queue using Tagged Pointers",1,1000,34.737234,0.347372,0.137268,0.003952,4.310946
"MS Queue using Tagged Pointers",2,0,153.797752,1.537978,0.860217,0.005593,0.261468
"MS Queue using Tagged Pointers",2,0,153.419896,1.534199,1.410811,0.009196,0.261598
"MS Queue using Tagged Pointers",2,0,157.957560,1.579576,4.106077,0.025995,0.269741
"MS Queue using Tagged Pointers",2,250,101.387538,1.013875,1.004260,0.009905,0.812359
"MS Queue using Tagged Pointers",2,250,101.106450,1.011064,0.336559,0.003329,0.811750
"MS Queue using Tagged Pointers",2,250,102.184929,1.021849,1.647614,0.016124,0.814381
"MS Queue using Tagged Pointers",2,500,96.877222,0.968772,2.671610,0.027577,1.440364
"MS Queue using Tagged Pointers",2,500,96.231903,0.962319,1.374588,0.014284,1.439666
"MS Queue using Tagged Pointers",2,500,91.481142,0.914811,0.449829,0.004917,1.430287
"MS Queue using Tagged Pointers",2,750,107.686006,1.076860,2.336463,0.021697,2.083146
"MS Queue using Tagged Pointers",2,750,104.356931,1.043569,1.456637,0.013958,2.075270
"MS Queue using Tagged Pointers",2,750,104.474831,1.044748,1.445357,0.013834,2.075613
"MS Queue using Tagged Pointers",2,1000,105.151345,1.051513,2.128577,0.020243,2.707238
"MS Queue using Tagged Pointers",2,1000,104.441088,1.044411,2.575926,0.024664,2.705202
"MS Queue using Tagged Pointers",2,1000,102.325586,1.023256,1.387237,0.013557,2.699304
"MS Queue using Tagged Pointers",3,0,256.303902,2.563039,5.579114,0.021768,0.293462
"MS Queue using Tagged Pointers",3,0,255.169718,2.551697,3.171219,0.012428,0.291084
"MS Queue using Tagged Pointers",3,0,255.977759,2.559778,3.706379,0.014479,0.291671
"MS Queue using Tagged Pointers",3,250,134.974211,1.349742,1.793940,0.013291,0.655414
"MS Queue using Tagged Pointers",3,250,133.528637,1.335286,1.310511,0.009814,0.653579
"MS Queue using Tagged Pointers",3,250,131.717222,1.317172,2.260852,0.017164,0.651562
"MS Queue using Tagged Pointers",3,500,112.532181,1.125322,1.871929,0.016635,1.123861
"MS Queue using Tagged Pointers",3,500,112.121165,1.121212,1.192497,0.010636,1.123111
"MS Queue using Tagged Pointers",3,500,111.936763,1.119368,0.967842,0.008646,1.122833
"MS Queue using Tagged Pointers",3,750,119.024847,1.190248,2.216665,0.018624,1.616531
"MS Queue using Tagged Pointers",3,750,120.351132,1.203511,1.919369,0.015948,1.619221
"MS Queue using Tagged Pointers",3,750,120.041260,1.200413,2.015755,0.016792,1.619371
"MS Queue using Tagged Pointers",3,1000,115.428792,1.154288,1.192230,0.010329,2.102164
"MS Queue using Tagged Pointers",3,1000,115.280840,1.152808,1.253891,0.010877,2.102087
"MS Queue using Tagged Pointers",3,1000,116.629737,1.166297,0.893068,0.007657,2.107256
"MS Queue using Tagged Pointers",4,0,377.085066,3.770851,12.546630,0.033273,0.323935
"MS Queue using Tagged Pointers",4,0,375.160202,3.751602,8.365137,0.022298,0.322340
"MS Queue using Tagged Pointers",4,0,373.120660,3.731207,5.494471,0.014726,0.319423
"MS Queue using Tagged Pointers",4,250,170.282388,1.702824,3.409434,0.020022,0.580479
"MS Queue using Tagged Pointers",4,250,170.472166,1.704722,4.810137,0.028217,0.582145
"MS Queue using Tagged Pointers",4,250,171.539238,1.715392,4.757361,0.027733,0.582509
"MS Queue using Tagged Pointers",4,500,128.304750,1.283048,5.766852,0.044947,0.972781
"MS Queue using Tagged Pointers",4,500,127.729610,1.277296,5.358947,0.041955,0.973802
"MS Queue using Tagged Pointers",4,500,127.883912,1.278839,5.567716,0.043537,0.971992
"MS Queue using Tagged Pointers",4,750,133.248763,1.332488,8.291169,0.062223,1.396318
"MS Queue using Tagged Pointers",4,750,131.502016,1.315020,8.324403,0.063302,1.395234
"MS Queue using Tagged Pointers",4,750,132.082358,1.320824,8.145222,0.061668,1.396622
"MS Queue using Tagged Pointers",4,1000,131.553334,1.315533,10.058710,0.076461,1.817315
"MS Queue using Tagged Pointers",4,1000,130.109220,1.301092,9.760780,0.075020,1.818157
"MS Queue using Tagged Pointers",4,1000,130.396462,1.303965,10.295740,0.078957,1.818138
"MS Queue using Tagged Pointers",5,0,488.179464,4.881795,19.720743,0.040397,0.343000
"MS Queue using Tagged Pointers",5,0,490.379146,4.903791,23.589744,0.048105,0.342248
"MS Queue using Tagged Pointers",5,0,490.352174,4.903522,22.235483,0.045346,0.341539
"MS Queue using Tagged Pointers",5,250,292.165517,2.921655,29.035560,0.099381,0.603413
"MS Queue using Tagged Pointers",5,250,276.994301,2.769943,28.309076,0.102201,0.599406
"MS Queue using Tagged Pointers",5,250,277.468692,2.774687,27.742057,0.099983,0.599216
"MS Queue using Tagged Pointers",5,500,290.167690,2.901677,45.012553,0.155126,1.005402
"MS Queue using Tagged Pointers",5,500,291.634563,2.916346,31.696687,0.108686,0.995834
"MS Queue using Tagged Pointers",5,500,283.133775,2.831338,49.918889,0.176308,1.005495
"MS Queue using Tagged Pointers",5,750,351.400827,3.514008,47.699247,0.135740,1.428482
"MS Queue using Tagged Pointers",5,750,353.859999,3.538600,49.114225,0.138796,1.436090
"MS Queue using Tagged Pointers",5,750,357.866432,3.578664,57.250866,0.159978,1.435014
"MS Queue using Tagged Pointers",5,1000,413.655811,4.136558,52.274743,0.126373,1.854455
"MS Queue using Tagged Pointers",5,1000,419.093865,4.190939,51.236637,0.122256,1.852752
"MS Queue using Tagged Pointers",5,1000,412.660344,4.126603,53.076907,0.128621,1.848770
"MS Queue using Tagged Pointers",6,0,570.701550,5.707016,53.831144,0.094325,0.350886
"MS Queue using Tagged Pointers",6,0,580.181685,5.801817,44.953294,0.077481,0.348489
"MS Queue using Tagged Pointers",6,0,575.597771,5.755978,47.610431,0.082715,0.353106
"MS Queue using Tagged Pointers",6,250,374.973204,3.749732,70.154620,0.187092,0.616667
"MS Queue using Tagged Pointers",6,250,381.626295,3.816263,64.005172,0.167717,0.622864
"MS Queue using Tagged Pointers",6,250,381.942987,3.819430,62.332631,0.163199,0.625044
"MS Queue using Tagged Pointers",6,500,418.260538,4.182605,93.565936,0.223703,1.023347
"MS Queue using Tagged Pointers",6,500,428.246528,4.282465,89.556670,0.209124,1.023742
"MS Queue using Tagged Pointers",6,500,409.328203,4.093282,96.598927,0.235994,1.017876
"MS Queue using Tagged Pointers",6,750,544.393956,5.443940,130.580734,0.239864,1.467067
"MS Queue using Tagged Pointers",6,750,543.684175,5.436842,126.773075,0.233174,1.459819
"MS Queue using Tagged Pointers",6,750,532.751877,5.327519,127.408349,0.239151,1.460893
"MS Queue using Tagged Pointers",6,1000,651.997791,6.519978,145.360907,0.222947,1.892583
"MS Queue using Tagged Pointers",6,1000,651.447015,6.514470,146.555437,0.224969,1.894597
"MS Queue using Tagged Pointers",6,1000,653.913097,6.539131,155.171885,0.237297,1.896864
"MS Queue using Tagged Pointers",7,0,735.616495,7.356165,79.300132,0.107801,0.382710
"MS Queue using Tagged Pointers",7,0,733.869422,7.338694,62.258074,0.084835,0.376504
"MS Queue using Tagged Pointers",7,0,723.315258,7.233153,71.288743,0.098558,0.372290
"MS Queue using Tagged Pointers",7,250,507.923200,5.079232,76.097150,0.149820,0.622666
"MS Queue using Tagged Pointers",7,250,514.955617,5.149556,70.451874,0.136812,0.622148
"MS Queue using Tagged Pointers",7,250,501.842082,5.018421,66.676368,0.132863,0.616387
"MS Queue using Tagged Pointers",7,500,568.596762,5.685968,96.769629,0.170190,1.001837
"MS Queue using Tagged Pointers",7,500,580.053109,5.800531,93.897685,0.161878,1.007901
"MS Queue using Tagged Pointers",7,500,591.562870,5.915629,102.816581,0.173805,1.006174
"MS Queue using Tagged Pointers",7,750,785.350172,7.853502,122.580906,0.156084,1.437008
"MS Queue using Tagged Pointers",7,750,761.494942,7.614949,123.062874,0.161607,1.436418
"MS Queue using Tagged Pointers",7,750,781.165456,7.811655,124.730736,0.159673,1.439085
"MS Queue using Tagged Pointers",7,1000,946.990080,9.469901,141.059612,0.148956,1.860768
"MS Queue using Tagged Pointers",7,1000,933.143270,9.331433,145.508353,0.155934,1.856200
"MS Queue using Tagged Pointers",7,1000,919.032542,9.190325,141.695352,0.154179,1.856479
"MS Queue using Tagged Pointers",8,0,923.641989,9.236420,53.752256,0.058196,0.397902
"MS Queue using Tagged Pointers",8,0,889.113733,8.891137,49.289113,0.055436,0.394647
"MS Queue using Tagged Pointers",8,0,907.220716,9.072207,51.679231,0.056964,0.399131
"MS Queue using Tagged Pointers",8,250,689.530207,6.895302,50.949674,0.073890,0.636137
"MS Queue using Tagged Pointers",8,250,697.761390,6.977614,52.027623,0.074564,0.637737
"MS Queue using Tagged Pointers",8,250,684.566451,6.845665,38.210194,0.055817,0.632478
"MS Queue using Tagged Pointers",8,500,820.717596,8.207176,37.237139,0.045371,1.008482
"MS Queue using Tagged Pointers",8,500,857.039071,8.570391,53.078563,0.061932,1.023354
"MS Queue using Tagged Pointers",8,500,852.281459,8.522815,57.458725,0.067418,1.026459
"MS Queue using Tagged Pointers",8,750,1118.113500,11.181135,52.334159,0.046806,1.445509
"MS Queue using Tagged Pointers",8,750,1116.546703,11.165467,38.491179,0.034473,1.443905
"MS Queue using Tagged Pointers",8,750,1119.571013,11.195710,54.763763,0.048915,1.446981
"MS Queue using Tagged Pointers",8,1000,1354.902835,13.549028,60.370685,0.044557,1.864661
"MS Queue using Tagged Pointers",8,1000,1368.696873,13.686969,54.387812,0.039737,1.864766
"MS Queue using Tagged Pointers",8,1000,1377.354368,13.773544,57.900087,0.042037,1.868064
"MS Queue using Tagged Pointers",9,0,1112.644020,11.126440,64.487047,0.057958,0.425290
"MS Queue using Tagged Pointers",9,0,1093.244774,10.932448,79.248240,0.072489,0.419612
"MS Queue using Tagged Pointers",9,0,1083.541786,10.835418,68.318433,0.063051,0.427845
"MS Queue using Tagged Pointers",9,250,843.904869,8.439049,69.785087,0.082693,0.651296
"MS Queue using Tagged Pointers",9,250,852.421142,8.524211,72.759179,0.085356,0.654847
"MS Queue using Tagged Pointers",9,250,850.391319,8.503913,68.990361,0.081128,0.654908
"MS Queue using Tagged Pointers",9,500,1027.630273,10.276303,82.872454,0.080644,1.035639
"MS Queue using Tagged Pointers",9,500,1008.053468,10.080535,91.721374,0.090989,1.033493
"MS Queue using Tagged Pointers",9,500,1033.884737,10.338847,74.464988,0.072024,1.036957
"MS Queue using Tagged Pointers",9,750,1362.291778,13.622918,81.026024,0.059478,1.461335
"MS Queue using Tagged Pointers",9,750,1331.967714,13.319677,85.562895,0.064238,1.451143
"MS Queue using Tagged Pointers",9,750,1322.363694,13.223637,96.941027,0.073309,1.456830
"MS Queue using Tagged Pointers",9,1000,1634.419959,16.344200,103.742439,0.063474,1.869917
"MS Queue using Tagged Pointers",9,1000,1641.281049,16.412810,93.403199,0.056909,1.875140
"MS Queue using Tagged Pointers",9,1000,1641.125350,16.411253,85.833062,0.052301,1.872095
"MS Queue using Tagged Pointers",10,0,1240.845704,12.408457,106.041668,0.085459,0.442766
"MS Queue using Tagged Pointers",10,0,1270.844498,12.708445,81.253957,0.063937,0.450108
"MS Queue using Tagged Pointers",10,0,1253.117819,12.531178,97.931943,0.078151,0.443325
"MS Queue using Tagged Pointers",10,250,1002.281139,10.022811,110.999061,0.110746,0.671481
"MS Queue using Tagged Pointers",10,250,965.731720,9.657317,101.586596,0.105191,0.667248
"MS Queue using Tagged Pointers",10,250,937.914020,9.379140,83.687093,0.089227,0.650865
"MS Queue using Tagged Pointers",10,500,1131.401070,11.314011,116.360863,0.102847,1.024101
"MS Queue using Tagged Pointers",10,500,1171.486715,11.714867,122.930923,0.104936,1.052013
"MS Queue using Tagged Pointers",10,500,1158.652710,11.586527,131.213765,0.113247,1.046826
"MS Queue using Tagged Pointers",10,750,1588.935741,15.889357,142.198165,0.089493,1.478994
"MS Queue using Tagged Pointers",10,750,1552.330189,15.523302,145.840914,0.093950,1.481710
"MS Queue using Tagged Pointers",10,750,1576.354322,15.763543,157.234872,0.099746,1.478428
"MS Queue using Tagged Pointers",10,1000,1914.441487,19.144415,183.230639,0.095710,1.909821
"MS Queue using Tagged Pointers",10,1000,1945.564649,19.455646,178.411329,0.091702,1.897276
"MS Queue using Tagged Pointers",10,1000,1883.756339,18.837563,151.296529,0.080316,1.902759
"MS Queue using Tagged Pointers",11,0,1425.008702,14.250087,121.031397,0.084934,0.454678
"MS Queue using Tagged Pointers",11,0,1433.096825,14.330968,137.275965,0.095790,0.460284
"MS Queue using Tagged Pointers",11,0,1442.973734,14.429737,102.951729,0.071347,0.470850
"MS Queue using Tagged Pointers",11,250,1104.132713,11.041327,108.356545,0.098137,0.671608
"MS Queue using Tagged Pointers",11,250,1139.102909,11.391029,100.364694,0.088109,0.675047
"MS Queue using Tagged Pointers",11,250,1163.423714,11.634237,118.708579,0.102034,0.684087
"MS Queue using Tagged Pointers",11,500,1445.126326,14.451263,131.376447,0.090910,1.066696
"MS Queue using Tagged Pointers",11,500,1450.191344,14.501913,124.974996,0.086178,1.062977
"MS Queue using Tagged Pointers",11,500,1454.008063,14.540081,134.695868,0.092638,1.071562
"MS Queue using Tagged Pointers",11,750,1932.158390,19.321584,167.479767,0.086680,1.487985
"MS Queue using Tagged Pointers",11,750,1839.608192,18.396082,153.144374,0.083248,1.486028
"MS Queue using Tagged Pointers",11,750,1874.079821,18.740798,128.555534,0.068597,1.487421
"MS Queue using Tagged Pointers",11,1000,2276.589962,22.765900,183.615921,0.080654,1.901638
"MS Queue using Tagged Pointers",11,1000,2300.857988,23.008580,160.729498,0.069856,1.910403
"MS Queue using Tagged Pointers",11,1000,2331.561224,23.315612,155.678006,0.066770,1.906963
"MS Queue using Tagged Pointers",12,0,1685.077872,16.850779,101.592296,0.060289,0.486406
"MS Queue using Tagged Pointers",12,0,1622.507320,16.225073,107.493879,0.066252,0.481951
"MS Queue using Tagged Pointers",12,0,1647.155338,16.471553,118.710704,0.072070,0.492346
"MS Queue using Tagged Pointers",12,250,1381.373897,13.813739,126.568527,0.091625,0.694652
"MS Queue using Tagged Pointers",12,250,1364.536853,13.645369,117.840875,0.086360,0.690933
"MS Queue using Tagged Pointers",12,250,1389.085899,13.890859,103.438319,0.074465,0.694625
"MS Queue using Tagged Pointers",12,500,1708.075062,17.080751,136.606198,0.079977,1.075077
"MS Queue using Tagged Pointers",12,500,1692.307418,16.923074,117.748415,0.069579,1.075618
"MS Queue using Tagged Pointers",12,500,1733.593902,17.335939,128.559649,0.074158,1.077978
"MS Queue using Tagged Pointers",12,750,2218.889835,22.188898,181.848894,0.081955,1.497299
"MS Queue using Tagged Pointers",12,750,2270.708325,22.707083,136.032282,0.059907,1.517005
"MS Queue using Tagged Pointers",12,750,2195.384812,21.953848,108.081080,0.049231,1.499118
"MS Queue using Tagged Pointers",12,1000,2716.890558,27.168906,140.042822,0.051545,1.924477
"MS Queue using Tagged Pointers",12,1000,2664.863058,26.648631,120.468597,0.045206,1.911753
"MS Queue using Tagged Pointers",12,1000,2674.063431,26.740634,125.935599,0.047095,1.923689
"Baskets Queue using Tagged Pointers",1,0,54.961569,0.549616,0.023922,0.000435,0.188394
"Baskets Queue using Tagged Pointers",1,0,54.938701,0.549387,0.019906,0.000362,0.188309
"Baskets Queue using Tagged Pointers",1,0,54.950802,0.549508,0.023765,0.000432,0.188380
"Baskets Queue using Tagged Pointers",1,250,37.182912,0.371829,0.135757,0.003651,1.184683
"Baskets Queue using Tagged Pointers",1,250,37.152059,0.371521,0.104151,0.002803,1.184666
"Baskets Queue using Tagged Pointers",1,250,37.124669,0.371247,0.136863,0.003687,1.184619
"Baskets Queue using Tagged Pointers",1,500,34.797448,0.347974,0.430620,0.012375,2.223032
"Baskets Queue using Tagged Pointers",1,500,34.452795,0.344528,0.367077,0.010654,2.222237
"Baskets Queue using Tagged Pointers",1,500,34.720663,0.347207,0.517257,0.014898,2.223183
"Baskets Queue using Tagged Pointers",1,750,44.349187,0.443492,0.154057,0.003474,3.299319
"Baskets Queue using Tagged Pointers",1,750,44.334500,0.443345,0.134067,0.003024,3.299462
"Baskets Queue using Tagged Pointers",1,750,44.067671,0.440677,0.061484,0.001395,3.299288
"Baskets Queue using Tagged Pointers",1,1000,44.538455,0.445385,0.177318,0.003981,4.346490
"Baskets Queue using Tagged Pointers",1,1000,44.370844,0.443708,0.099440,0.002241,4.345560
"Baskets Queue using Tagged Pointers",1,1000,44.207601,0.442076,0.136374,0.003085,4.345144
"Baskets Queue using Tagged Pointers",2,0,140.754519,1.407545,1.672577,0.011883,0.241484
"Baskets Queue using Tagged Pointers",2,0,141.477793,1.414778,2.835682,0.020043,0.244473
"Baskets Queue using Tagged Pointers",2,0,140.490616,1.404906,3.055354,0.021748,0.243531
"Baskets Queue using Tagged Pointers",2,250,113.242696,1.132427,1.835321,0.016207,0.833872
"Baskets Queue using Tagged Pointers",2,250,113.534200,1.135342,2.709519,0.023865,0.835892
"Baskets Queue using Tagged Pointers",2,250,109.677230,1.096772,0.144097,0.001314,0.825389
"Baskets Queue using Tagged Pointers",2,500,103.751452,1.037515,2.079449,0.020043,1.446882
"Baskets Queue using Tagged Pointers",2,500,105.648858,1.056489,2.015606,0.019078,1.451872
"Baskets Queue using Tagged Pointers",2,500,104.865976,1.048660,1.378957,0.013150,1.449762
"Baskets Queue using Tagged Pointers",2,750,116.462845,1.164628,1.053643,0.009047,2.096928
"Baskets Queue using Tagged Pointers",2,750,116.208881,1.162089,1.022536,0.008799,2.095931
"Baskets Queue using Tagged Pointers",2,750,115.906650,1.159066,1.242041,0.010716,2.095967
"Baskets Queue using Tagged Pointers",2,1000,115.747899,1.157479,1.623571,0.014027,2.724954
"Baskets Queue using Tagged Pointers",2,1000,116.387034,1.163870,2.528941,0.021729,2.725896
"Baskets Queue using Tagged Pointers",2,1000,113.734308,1.137343,1.805832,0.015878,2.720023
"Baskets Queue using Tagged Pointers",3,0,211.923851,2.119239,5.065400,0.023902,0.243431
"Baskets Queue using Tagged Pointers",3,0,211.401426,2.114014,3.982096,0.018837,0.243036
"Baskets Queue using Tagged Pointers",3,0,212.030185,2.120302,4.523567,0.021335,0.243749
"Baskets Queue using Tagged Pointers",3,250,140.945561,1.409456,2.418617,0.017160,0.663201
"Baskets Queue using Tagged Pointers",3,250,141.984297,1.419843,1.384330,0.009750,0.663265
"Baskets Queue using Tagged Pointers",3,250,142.259448,1.422594,1.196721,0.008412,0.663428
"Baskets Queue using Tagged Pointers",3,500,126.141261,1.261413,0.726597,0.005760,1.136294
"Baskets Queue using Tagged Pointers",3,500,125.241600,1.252416,1.159405,0.009257,1.135568
"Baskets Queue using Tagged Pointers",3,500,126.851720,1.268517,1.097063,0.008648,1.137489
"Baskets Queue using Tagged Pointers",3,750,134.680568,1.346806,0.943171,0.007003,1.634739
"Baskets Queue using Tagged Pointers",3,750,134.416566,1.344166,1.903486,0.014161,1.635152
"Baskets Queue using Tagged Pointers",3,750,134.008883,1.340089,1.212746,0.009050,1.634343
"Baskets Queue using Tagged Pointers",3,1000,131.565217,1.315652,0.803499,0.006107,2.120757
"Baskets Queue using Tagged Pointers",3,1000,132.014172,1.320142,1.790666,0.013564,2.121436
"Baskets Queue using Tagged Pointers",3,1000,132.701755,1.327018,0.493820,0.003721,2.121560
"Baskets Queue using Tagged Pointers",4,0,287.907461,2.879075,3.472272,0.012060,0.245857
"Baskets Queue using Tagged Pointers",4,0,285.454738,2.854547,5.109405,0.017899,0.245857
"Baskets Queue using Tagged Pointers",4,0,288.568916,2.885689,3.907205,0.013540,0.246435
"Baskets Queue using Tagged Pointers",4,250,170.509002,1.705090,4.184827,0.024543,0.580794
"Baskets Queue using Tagged Pointers",4,250,170.725996,1.707260,3.325154,0.019477,0.579882
"Baskets Queue using Tagged Pointers",4,250,170.746593,1.707466,3.617268,0.021185,0.580363
"Baskets Queue using Tagged Pointers",4,500,144.244695,1.442447,5.810353,0.040281,0.984297
"Baskets Queue using Tagged Pointers",4,500,141.293868,1.412939,5.092896,0.036045,0.979600
"Baskets Queue using Tagged Pointers",4,500,144.270927,1.442709,5.329715,0.036942,0.982357
"Baskets Queue using Tagged Pointers",4,750,150.522483,1.505225,5.670268,0.037671,1.413720
"Baskets Queue using Tagged Pointers",4,750,152.624236,1.526242,9.721282,0.063694,1.413100
"Baskets Queue using Tagged Pointers",4,750,152.590648,1.525906,9.842450,0.064502,1.412941
"Baskets Queue using Tagged Pointers",4,1000,148.546806,1.485468,10.003763,0.067344,1.833780
"Baskets Queue using Tagged Pointers",4,1000,147.846477,1.478465,9.155785,0.061928,1.831441
"Baskets Queue using Tagged Pointers",4,1000,150.353905,1.503539,10.777839,0.071683,1.833711
"Baskets Queue using Tagged Pointers",5,0,348.885036,3.488850,16.987105,0.048690,0.247528
"Baskets Queue using Tagged Pointers",5,0,343.705142,3.437051,19.987347,0.058153,0.246041
"Baskets Queue using Tagged Pointers",5,0,344.115799,3.441158,19.481921,0.056614,0.246918
"Baskets Queue using Tagged Pointers",5,250,262.250286,2.622503,26.213981,0.099958,0.589655
"Baskets Queue using Tagged Pointers",5,250,259.084022,2.590840,32.748575,0.126401,0.592674
"Baskets Queue using Tagged Pointers",5,250,263.843820,2.638438,25.211207,0.095554,0.590183
"Baskets Queue using Tagged Pointers",5,500,287.749775,2.877498,39.933997,0.138780,0.998500
"Baskets Queue using Tagged Pointers",5,500,290.428273,2.904283,37.802107,0.130160,0.995659
"Baskets Queue using Tagged Pointers",5,500,290.443786,2.904438,37.789892,0.130111,1.004570
"Baskets Queue using Tagged Pointers",5,750,356.768689,3.567687,47.721827,0.133761,1.433320
"Baskets Queue using Tagged Pointers",5,750,358.108595,3.581086,48.002532,0.134045,1.429653
"Baskets Queue using Tagged Pointers",5,750,355.542748,3.555427,48.033600,0.135099,1.426432
"Baskets Queue using Tagged Pointers",5,1000,413.041385,4.130414,58.965051,0.142758,1.850778
"Baskets Queue using Tagged Pointers",5,1000,412.909327,4.129093,56.778294,0.137508,1.859838
"Baskets Queue using Tagged Pointers",5,1000,413.725373,4.137254,61.997349,0.149851,1.859950
"Baskets Queue using Tagged Pointers",6,0,400.313671,4.003137,38.212762,0.095457,0.249616
"Baskets Queue using Tagged Pointers",6,0,399.490394,3.994904,37.106088,0.092884,0.248104
"Baskets Queue using Tagged Pointers",6,0,403.377380,4.033774,33.482526,0.083005,0.249079
"Baskets Queue using Tagged Pointers",6,250,334.116733,3.341167,63.917790,0.191304,0.596997
"Baskets Queue using Tagged Pointers",6,250,335.313018,3.353130,66.635413,0.198726,0.597493
"Baskets Queue using Tagged Pointers",6,250,336.294230,3.362942,65.372129,0.194390,0.596652
"Baskets Queue using Tagged Pointers",6,500,404.518168,4.045182,94.851631,0.234481,1.011535
"Baskets Queue using Tagged Pointers",6,500,404.728725,4.047287,97.985745,0.242102,1.012578
"Baskets Queue using Tagged Pointers",6,500,403.366246,4.033662,97.542955,0.241822,1.012727
"Baskets Queue using Tagged Pointers",6,750,520.430470,5.204305,140.529932,0.270026,1.462274
"Baskets Queue using Tagged Pointers",6,750,524.320875,5.243209,126.506314,0.241277,1.456714
"Baskets Queue using Tagged Pointers",6,750,525.142852,5.251429,129.201350,0.246031,1.451078
"Baskets Queue using Tagged Pointers",6,1000,636.953801,6.369538,158.080256,0.248182,1.893769
"Baskets Queue using Tagged Pointers",6,1000,634.184409,6.341844,160.171796,0.252563,1.892720
"Baskets Queue using Tagged Pointers",6,1000,619.516053,6.195161,170.277335,0.274855,1.892644
"Baskets Queue using Tagged Pointers",7,0,468.153850,4.681539,48.129660,0.102807,0.248595
"Baskets Queue using Tagged Pointers",7,0,472.738962,4.727390,48.640780,0.102891,0.250388
"Baskets Queue using Tagged Pointers",7,0,469.015642,4.690156,52.432052,0.111792,0.249162
"Baskets Queue using Tagged Pointers",7,250,427.693266,4.276933,66.551461,0.155606,0.581811
"Baskets Queue using Tagged Pointers",7,250,433.179218,4.331792,66.116896,0.152632,0.583998
"Baskets Queue using Tagged Pointers",7,250,429.469167,4.294692,68.427723,0.159331,0.580721
"Baskets Queue using Tagged Pointers",7,500,555.346261,5.553463,87.218397,0.157052,0.987095
"Baskets Queue using Tagged Pointers",7,500,549.185134,5.491851,87.455917,0.159247,0.984419
"Baskets Queue using Tagged Pointers",7,500,547.160797,5.471608,99.241175,0.181375,0.989110
"Baskets Queue using Tagged Pointers",7,750,731.314891,7.313149,119.166249,0.162948,1.418040
"Baskets Queue using Tagged Pointers",7,750,718.995509,7.189955,134.685347,0.187324,1.417133
"Baskets Queue using Tagged Pointers",7,750,738.125595,7.381256,107.175280,0.145199,1.419018
"Baskets Queue using Tagged Pointers",7,1000,892.966043,8.929660,150.432895,0.168464,1.839888
"Baskets Queue using Tagged Pointers",7,1000,897.264496,8.972645,145.873431,0.162576,1.839619
"Baskets Queue using Tagged Pointers",7,1000,902.115397,9.021154,139.937790,0.155122,1.837119
"Baskets Queue using Tagged Pointers",8,0,570.625244,5.706252,25.512751,0.044710,0.251248
"Baskets Queue using Tagged Pointers",8,0,558.614328,5.586143,33.552624,0.060064,0.252441
"Baskets Queue using Tagged Pointers",8,0,567.370010,5.673700,39.603925,0.069803,0.253877
"Baskets Queue using Tagged Pointers",8,250,562.916321,5.629163,37.584009,0.066767,0.578266
"Baskets Queue using Tagged Pointers",8,250,561.028682,5.610287,42.583856,0.075903,0.579624
"Baskets Queue using Tagged Pointers",8,250,572.379807,5.723798,37.113686,0.064841,0.580500
"Baskets Queue using Tagged Pointers",8,500,766.043274,7.660433,37.874311,0.049441,0.979292
"Baskets Queue using Tagged Pointers",8,500,763.292598,7.632926,29.606235,0.038788,0.977821
"Baskets Queue using Tagged Pointers",8,500,758.194222,7.581942,40.189722,0.053007,0.978162
"Baskets Queue using Tagged Pointers",8,750,1020.144535,10.201445,42.099843,0.041269,1.409845
"Baskets Queue using Tagged Pointers",8,750,1019.827034,10.198270,38.450357,0.037703,1.403623
"Baskets Queue using Tagged Pointers",8,750,1029.016876,10.290169,29.405149,0.028576,1.403592
"Baskets Queue using Tagged Pointers",8,1000,1266.380982,12.663810,33.339679,0.026327,1.822174
"Baskets Queue using Tagged Pointers",8,1000,1266.045102,12.660451,35.257663,0.027849,1.822635
"Baskets Queue using Tagged Pointers",8,1000,1251.082611,12.510826,51.910906,0.041493,1.820494
"Baskets Queue using Tagged Pointers",9,0,647.887560,6.478876,39.289301,0.060642,0.257488
"Baskets Queue using Tagged Pointers",9,0,626.390519,6.263905,50.022009,0.079858,0.254733
"Baskets Queue using Tagged Pointers",9,0,651.204539,6.512045,28.227539,0.043347,0.256372
"Baskets Queue using Tagged Pointers",9,250,660.498532,6.604985,52.804097,0.079946,0.580278
"Baskets Queue using Tagged Pointers",9,250,642.698388,6.426984,54.430909,0.084691,0.576769
"Baskets Queue using Tagged Pointers",9,250,653.077039,6.530770,51.436291,0.078760,0.579433
"Baskets Queue using Tagged Pointers",9,500,877.754885,8.777549,73.745670,0.084016,0.979360
"Baskets Queue using Tagged Pointers",9,500,886.300135,8.863001,64.337637,0.072591,0.979208
"Baskets Queue using Tagged Pointers",9,500,883.922397,8.839224,69.583008,0.078721,0.978902
"Baskets Queue using Tagged Pointers",9,750,1207.011959,12.070120,69.925931,0.057933,1.403935
"Baskets Queue using Tagged Pointers",9,750,1210.855267,12.108553,68.323797,0.056426,1.405033
"Baskets Queue using Tagged Pointers",9,750,1200.663107,12.006631,87.118056,0.072558,1.406245
"Baskets Queue using Tagged Pointers",9,1000,1507.171986,15.071720,68.700804,0.045583,1.825964
"Baskets Queue using Tagged Pointers",9,1000,1503.568988,15.035690,83.965774,0.055844,1.824524
"Baskets Queue using Tagged Pointers",9,1000,1513.153654,15.131537,90.086235,0.059535,1.825533
"Baskets Queue using Tagged Pointers",10,0,666.912709,6.669127,77.512568,0.116226,0.250567
"Baskets Queue using Tagged Pointers",10,0,670.218440,6.702184,62.577234,0.093368,0.247885
"Baskets Queue using Tagged Pointers",10,0,686.666324,6.866663,44.205746,0.064377,0.249322
"Baskets Queue using Tagged Pointers",10,250,729.343465,7.293435,58.341353,0.079992,0.580942
"Baskets Queue using Tagged Pointers",10,250,718.220570,7.182206,81.588499,0.113598,0.580136
"Baskets Queue using Tagged Pointers",10,250,725.006879,7.250069,80.270541,0.110717,0.579711
"Baskets Queue using Tagged Pointers",10,500,1052.441574,10.524416,180.659440,0.171657,0.996111
"Baskets Queue using Tagged Pointers",10,500,1011.560709,10.115607,101.975267,0.100810,0.981531
"Baskets Queue using Tagged Pointers",10,500,1015.159619,10.151596,102.391273,0.100862,0.987176
"Baskets Queue using Tagged Pointers",10,750,1378.437194,13.784372,123.357602,0.089491,1.409995
"Baskets Queue using Tagged Pointers",10,750,1377.629245,13.776292,126.143087,0.091565,1.413981
"Baskets Queue using Tagged Pointers",10,750,1373.691917,13.736919,128.738465,0.093717,1.412490
"Baskets Queue using Tagged Pointers",10,1000,1705.048312,17.050483,162.106981,0.095075,1.833564
"Baskets Queue using Tagged Pointers",10,1000,1713.748152,17.137482,144.798452,0.084492,1.835022
"Baskets Queue using Tagged Pointers",10,1000,1691.166956,16.911670,163.835709,0.096877,1.828278
"Baskets Queue using Tagged Pointers",11,0,748.049783,7.480498,46.382986,0.062005,0.250771
"Baskets Queue using Tagged Pointers",11,0,758.747903,7.587479,70.202876,0.092525,0.252630
"Baskets Queue using Tagged Pointers",11,0,746.919557,7.469196,76.363336,0.102238,0.249606
"Baskets Queue using Tagged Pointers",11,250,828.751037,8.287510,76.785695,0.092652,0.579183
"Baskets Queue using Tagged Pointers",11,250,823.555397,8.235554,80.363359,0.097581,0.580308
"Baskets Queue using Tagged Pointers",11,250,834.544174,8.345442,65.082997,0.077986,0.578792
"Baskets Queue using Tagged Pointers",11,500,1160.891952,11.608920,111.434195,0.095990,0.977924
"Baskets Queue using Tagged Pointers",11,500,1155.167189,11.551672,97.573310,0.084467,0.976687
"Baskets Queue using Tagged Pointers",11,500,1156.957333,11.569573,108.151835,0.093480,0.979381
"Baskets Queue using Tagged Pointers",11,750,1593.842584,15.938426,125.499171,0.078740,1.405876
"Baskets Queue using Tagged Pointers",11,750,1592.172572,15.921726,123.908504,0.077824,1.406786
"Baskets Queue using Tagged Pointers",11,750,1596.870421,15.968704,116.598854,0.073017,1.404338
"Baskets Queue using Tagged Pointers",11,1000,2012.893696,20.128937,130.991668,0.065076,1.825028
"Baskets Queue using Tagged Pointers",11,1000,2012.553041,20.125530,122.712318,0.060973,1.825339
"Baskets Queue using Tagged Pointers",11,1000,1994.451475,19.944515,149.763151,0.075090,1.822695
"Baskets Queue using Tagged Pointers",12,0,872.732011,8.727320,53.779392,0.061622,0.256978
"Baskets Queue using Tagged Pointers",12,0,877.623690,8.776237,52.094146,0.059358,0.257229
"Baskets Queue using Tagged Pointers",12,0,856.958229,8.569582,50.502778,0.058933,0.254697
"Baskets Queue using Tagged Pointers",12,250,980.801319,9.808013,73.878923,0.075325,0.581586
"Baskets Queue using Tagged Pointers",12,250,979.310256,9.793103,69.062845,0.070522,0.582459
"Baskets Queue using Tagged Pointers",12,250,970.008269,9.700083,65.106146,0.067119,0.579179
"Baskets Queue using Tagged Pointers",12,500,1377.196031,13.771960,94.144485,0.068360,0.979832
"Baskets Queue using Tagged Pointers",12,500,1369.729550,13.697296,77.587549,0.056644,0.977486
"Baskets Queue using Tagged Pointers",12,500,1368.371909,13.683719,75.456171,0.055143,0.978279
"Baskets Queue using Tagged Pointers",12,750,1893.546657,18.935467,64.344239,0.033981,1.403260
"Baskets Queue using Tagged Pointers",12,750,1882.072210,18.820722,80.130706,0.042576,1.401964
"Baskets Queue using Tagged Pointers",12,750,1881.552867,18.815529,77.153416,0.041005,1.402834
"Baskets Queue using Tagged Pointers",12,1000,2351.159605,23.511596,101.339154,0.043102,1.819042
"Baskets Queue using Tagged Pointers",12,1000,2361.907756,23.619078,105.807735,0.044798,1.820536
"Baskets Queue using Tagged Pointers",12,1000,2367.387632,23.673876,107.300726,0.045325,1.821769
"Valois Queue",1,0,47.225869,0.472259,0.025900,0.000548,0.162616
"Valois Queue",1,0,47.204165,0.472042,0.027164,0.000575,0.162566
"Valois Queue",1,0,47.221258,0.472213,0.025289,0.000536,0.162597
"Valois Queue",1,250,30.016023,0.300160,0.044704,0.001489,1.157250
"Valois Queue",1,250,30.013683,0.300137,0.055476,0.001848,1.157180
"Valois Queue",1,250,29.944717,0.299447,0.045909,0.001533,1.157079
"Valois Queue",1,500,24.967081,0.249671,0.169832,0.006802,2.186867
"Valois Queue",1,500,24.841219,0.248412,0.184433,0.007424,2.186458
"Valois Queue",1,500,24.774784,0.247748,0.083158,0.003357,2.186523
"Valois Queue",1,750,32.701437,0.327014,0.127398,0.003896,3.260078
"Valois Queue",1,750,32.401334,0.324013,0.095100,0.002935,3.259236
"Valois Queue",1,750,32.643331,0.326433,0.118207,0.003621,3.259658
"Valois Queue",1,1000,29.280100,0.292801,0.031903,0.001090,4.293455
"Valois Queue",1,1000,30.648287,0.306483,0.151525,0.004944,4.297748
"Valois Queue",1,1000,30.944392,0.309444,0.135257,0.004371,4.298866
"Valois Queue",2,0,125.153641,1.251536,1.330894,0.010634,0.214364
"Valois Queue",2,0,126.286264,1.262863,1.162381,0.009204,0.215119
"Valois Queue",2,0,124.693199,1.246932,0.620544,0.004977,0.212337
"Valois Queue",2,250,83.908047,0.839080,1.530686,0.018242,0.785066
"Valois Queue",2,250,84.780849,0.847808,2.125880,0.025075,0.786209
"Valois Queue",2,250,85.195625,0.851956,2.061655,0.024199,0.787047
"Valois Queue",2,500,76.730086,0.767301,1.712679,0.022321,1.400647
"Valois Queue",2,500,77.426578,0.774266,1.312691,0.016954,1.402728
"Valois Queue",2,500,76.359329,0.763593,1.621979,0.021241,1.399619
"Valois Queue",2,750,87.172244,0.871722,1.388594,0.015929,2.048530
"Valois Queue",2,750,85.855793,0.858558,2.036192,0.023716,2.045568
"Valois Queue",2,750,86.209989,0.862100,0.770183,0.008934,2.045275
"Valois Queue",2,1000,82.523354,0.825234,1.296568,0.015712,2.667763
"Valois Queue",2,1000,83.838495,0.838385,0.802538,0.009572,2.669677
"Valois Queue",2,1000,85.116229,0.851162,1.233719,0.014495,2.673212
"Valois Queue",3,0,187.423086,1.874231,1.229938,0.006562,0.214021
"Valois Queue",3,0,190.064471,1.900645,1.889710,0.009942,0.216881
"Valois Queue",3,0,189.267615,1.892676,2.276567,0.012028,0.216551
"Valois Queue",3,250,105.579904,1.055799,0.689084,0.006527,0.621406
"Valois Queue",3,250,104.634020,1.046340,1.455709,0.013912,0.620574
"Valois Queue",3,250,104.597496,1.045975,0.231603,0.002214,0.619836
"Valois Queue",3,500,90.532306,0.905323,0.949458,0.010488,1.095018
"Valois Queue",3,500,91.897295,0.918973,1.824123,0.019850,1.097155
"Valois Queue",3,500,91.876961,0.918770,1.883588,0.020501,1.097434
"Valois Queue",3,750,100.026785,1.000268,1.485520,0.014851,1.597153
"Valois Queue",3,750,98.479457,0.984795,0.673557,0.006840,1.594040
"Valois Queue",3,750,102.276260,1.022763,0.601682,0.005883,1.598386
"Valois Queue",3,1000,99.027328,0.990273,0.205198,0.002072,2.083528
"Valois Queue",3,1000,100.081021,1.000810,0.724862,0.007243,2.084889
"Valois Queue",3,1000,97.824788,0.978248,1.703712,0.017416,2.083372
"Valois Queue",4,0,247.635272,2.476353,2.240183,0.009046,0.212305
"Valois Queue",4,0,247.348306,2.473483,2.687719,0.010866,0.212295
"Valois Queue",4,0,245.478172,2.454782,4.755834,0.019374,0.212335
"Valois Queue",4,250,124.884608,1.248846,4.102184,0.032848,0.543303
"Valois Queue",4,250,125.823004,1.258230,4.839058,0.038459,0.543764
"Valois Queue",4,250,125.600471,1.256005,5.216987,0.041536,0.544127
"Valois Queue",4,500,102.336443,1.023364,5.280960,0.051604,0.947965
"Valois Queue",4,500,99.094336,0.990943,6.122057,0.061780,0.946536
"Valois Queue",4,500,99.077468,0.990775,4.856768,0.049020,0.945323
"Valois Queue",4,750,111.128151,1.111282,7.662439,0.068951,1.378976
"Valois Queue",4,750,113.826394,1.138264,12.752183,0.112032,1.381401
"Valois Queue",4,750,111.862871,1.118629,6.388128,0.057107,1.379171
"Valois Queue",4,1000,110.001761,1.100018,9.995422,0.090866,1.799912
"Valois Queue",4,1000,110.867323,1.108673,14.043160,0.126666,1.802344
"Valois Queue",4,1000,109.428006,1.094280,11.058930,0.101061,1.803389
"Valois Queue",5,0,290.760417,2.907604,18.880648,0.064935,0.210400
"Valois Queue",5,0,291.141053,2.911411,18.731240,0.064337,0.211372
"Valois Queue",5,0,290.620672,2.906207,17.536147,0.060340,0.211135
"Valois Queue",5,250,203.179768,2.031798,27.918403,0.137407,0.555724
"Valois Queue",5,250,204.092933,2.040929,27.170228,0.133127,0.554199
"Valois Queue",5,250,203.942564,2.039426,26.056702,0.127765,0.554446
"Valois Queue",5,500,233.066273,2.330663,32.173150,0.138043,0.958086
"Valois Queue",5,500,231.435855,2.314359,38.123109,0.164724,0.959032
"Valois Queue",5,500,236.793380,2.367934,36.374074,0.153611,0.963958
"Valois Queue",5,750,307.656520,3.076565,38.448162,0.124971,1.396511
"Valois Queue",5,750,304.339702,3.043397,48.410930,0.159069,1.394387
"Valois Queue",5,750,303.681920,3.036819,54.897653,0.180774,1.399441
"Valois Queue",5,1000,360.170166,3.601702,54.496694,0.151308,1.814259
"Valois Queue",5,1000,364.669960,3.646700,55.456282,0.152073,1.820799
"Valois Queue",5,1000,358.693473,3.586935,62.607022,0.174542,1.817453
"Valois Queue",6,0,331.588024,3.315880,37.202067,0.112194,0.210935
"Valois Queue",6,0,329.613888,3.296139,38.242562,0.116022,0.210250
"Valois Queue",6,0,333.243209,3.332432,30.306783,0.090945,0.210420
"Valois Queue",6,250,269.390864,2.693909,56.125806,0.208343,0.556221
"Valois Queue",6,250,263.072959,2.630730,61.956269,0.235510,0.555140
"Valois Queue",6,250,264.058559,2.640586,59.576626,0.225619,0.553660
"Valois Queue",6,500,340.512057,3.405121,90.882067,0.266898,0.970662
"Valois Queue",6,500,345.820084,3.458201,89.990129,0.260222,0.976960
"Valois Queue",6,500,344.100187,3.441002,93.453651,0.271588,0.979290
"Valois Queue",6,750,471.888252,4.718883,110.482860,0.234129,1.418248
"Valois Queue",6,750,457.232308,4.572323,136.102895,0.297667,1.420760
"Valois Queue",6,750,460.882737,4.608827,123.057199,0.267003,1.407424
"Valois Queue",6,1000,561.717399,5.617174,164.179321,0.292281,1.850710
"Valois Queue",6,1000,562.960658,5.629607,171.198529,0.304104,1.860575
"Valois Queue",6,1000,565.638239,5.656382,165.538138,0.292657,1.854142
"Valois Queue",7,0,392.145088,3.921451,47.309302,0.120642,0.211484
"Valois Queue",7,0,392.439303,3.924393,40.973784,0.104408,0.210400
"Valois Queue",7,0,391.557782,3.915578,41.481465,0.105940,0.210430
"Valois Queue",7,250,345.738481,3.457385,64.592910,0.186826,0.538861
"Valois Queue",7,250,341.837969,3.418380,64.172556,0.187728,0.537649
"Valois Queue",7,250,338.446703,3.384467,66.370330,0.196103,0.538869
"Valois Queue",7,500,476.795050,4.767951,90.337500,0.189468,0.947659
"Valois Queue",7,500,472.959087,4.729591,75.965267,0.160617,0.943190
"Valois Queue",7,500,477.373940,4.773739,83.577617,0.175078,0.948105
"Valois Queue",7,750,662.608646,6.626086,112.203589,0.169336,1.382598
"Valois Queue",7,750,657.674307,6.576743,110.335659,0.167766,1.379446
"Valois Queue",7,750,658.276096,6.582761,112.877086,0.171474,1.380947
"Valois Queue",7,1000,840.608901,8.406089,161.501008,0.192124,1.820343
"Valois Queue",7,1000,823.190231,8.231902,136.872521,0.166271,1.801979
"Valois Queue",7,1000,833.336189,8.333362,126.479035,0.151774,1.804585
"Valois Queue",8,0,472.067694,4.720677,32.772466,0.069423,0.211201
"Valois Queue",8,0,469.862572,4.698626,35.258251,0.075039,0.210661
"Valois Queue",8,0,470.428101,4.704281,42.775945,0.090930,0.211203
"Valois Queue",8,250,467.593147,4.675931,34.800556,0.074425,0.535421
"Valois Queue",8,250,468.322808,4.683228,26.748206,0.057115,0.537693
"Valois Queue",8,250,468.220705,4.682207,31.736190,0.067780,0.535844
"Valois Queue",8,500,652.557760,6.525578,38.357593,0.058780,0.935468
"Valois Queue",8,500,665.513992,6.655140,31.266892,0.046982,0.937858
"Valois Queue",8,500,656.616525,6.566165,47.244742,0.071952,0.936307
"Valois Queue",8,750,930.854188,9.308542,38.787426,0.041669,1.368120
"Valois Queue",8,750,930.681306,9.306813,43.679467,0.046933,1.367735
"Valois Queue",8,750,929.329554,9.293296,39.672232,0.042689,1.366895
"Valois Queue",8,1000,1169.999255,11.699993,40.161961,0.034326,1.784211
"Valois Queue",8,1000,1180.956160,11.809562,35.060970,0.029689,1.786622
"Valois Queue",8,1000,1170.843359,11.708434,47.490869,0.040561,1.786390
"Valois Queue",9,0,519.974442,5.199744,41.942601,0.080663,0.211425
"Valois Queue",9,0,516.784578,5.167846,50.741613,0.098187,0.209429
"Valois Queue",9,0,520.915251,5.209153,45.579538,0.087499,0.210123
"Valois Queue",9,250,541.045222,5.410452,46.453575,0.085859,0.536257
"Valois Queue",9,250,539.060596,5.390606,46.964279,0.087122,0.535849
"Valois Queue",9,250,541.679153,5.416792,46.471858,0.085792,0.536942
"Valois Queue",9,500,787.128660,7.871287,60.760090,0.077192,0.941084
"Valois Queue",9,500,794.338403,7.943384,48.509118,0.061069,0.940349
"Valois Queue",9,500,790.584448,7.905844,63.289272,0.080054,0.941610
"Valois Queue",9,750,1115.193799,11.151938,78.425842,0.070325,1.370082
"Valois Queue",9,750,1110.693502,11.106935,77.731971,0.069985,1.371055
"Valois Queue",9,750,1117.957518,11.179575,65.079953,0.058213,1.370881
"Valois Queue",9,1000,1416.210914,14.162109,72.932877,0.051499,1.788205
"Valois Queue",9,1000,1421.020830,14.210208,67.328206,0.047380,1.791088
"Valois Queue",9,1000,1417.199021,14.171990,78.010182,0.055045,1.789866
"Valois Queue",10,0,559.295828,5.592958,44.147644,0.078934,0.209993
"Valois Queue",10,0,556.836129,5.568361,48.637408,0.087346,0.209382
"Valois Queue",10,0,560.060076,5.600601,64.101692,0.114455,0.211290
"Valois Queue",10,250,601.287754,6.012878,69.256134,0.115180,0.537081
"Valois Queue",10,250,595.188956,5.951890,77.071970,0.129492,0.537633
"Valois Queue",10,250,597.107704,5.971077,71.085418,0.119050,0.538548
"Valois Queue",10,500,885.275827,8.852758,113.829485,0.128581,0.941218
"Valois Queue",10,500,894.254538,8.942545,103.602100,0.115853,0.943620
"Valois Queue",10,500,889.005448,8.890054,92.724152,0.104301,0.942317
"Valois Queue",10,750,1271.533348,12.715333,125.411676,0.098630,1.376316
"Valois Queue",10,750,1267.608896,12.676089,135.110930,0.106587,1.373728
"Valois Queue",10,750,1276.461097,12.764611,115.125544,0.090191,1.375619
"Valois Queue",10,1000,1610.812157,16.108122,152.640629,0.094760,1.794980
"Valois Queue",10,1000,1634.048993,16.340490,137.675737,0.084254,1.801736
"Valois Queue",10,1000,1611.096911,16.110969,152.276465,0.094517,1.796707
"Valois Queue",11,0,606.827296,6.068273,58.429251,0.096286,0.207669
"Valois Queue",11,0,620.263181,6.202632,45.272551,0.072989,0.209085
"Valois Queue",11,0,614.390637,6.143906,56.985565,0.092751,0.209641
"Valois Queue",11,250,691.397621,6.913976,70.112866,0.101407,0.535601
"Valois Queue",11,250,695.005281,6.950053,64.070195,0.092187,0.535321
"Valois Queue",11,250,693.016108,6.930161,64.530341,0.093115,0.535357
"Valois Queue",11,500,1041.104253,10.411043,88.475815,0.084983,0.939188
"Valois Queue",11,500,1045.372268,10.453723,79.387026,0.075941,0.938613
"Valois Queue",11,500,1049.290456,10.492905,90.740223,0.086478,0.939125
"Valois Queue",11,750,1490.273078,14.902731,108.317662,0.072683,1.369517
"Valois Queue",11,750,1492.179264,14.921793,108.772119,0.072895,1.370012
"Valois Queue",11,750,1484.238215,14.842382,123.123965,0.082954,1.370439
"Valois Queue",11,1000,1894.905878,18.949059,152.458594,0.080457,1.790071
"Valois Queue",11,1000,1907.607838,19.076078,144.546777,0.075774,1.789033
"Valois Queue",11,1000,1889.277843,18.892778,151.615120,0.080250,1.789634
"Valois Queue",12,0,689.488654,6.894887,43.323945,0.062835,0.208410
"Valois Queue",12,0,699.397611,6.993976,54.135686,0.077403,0.209744
"Valois Queue",12,0,683.935310,6.839353,54.164794,0.079196,0.207908
"Valois Queue",12,250,802.729650,8.027296,66.668150,0.083052,0.534963
"Valois Queue",12,250,819.083595,8.190836,48.871090,0.059666,0.535102
"Valois Queue",12,250,802.649268,8.026493,76.152803,0.094877,0.535510
"Valois Queue",12,500,1228.244527,12.282445,76.012701,0.061887,0.937689
"Valois Queue",12,500,1222.290319,12.222903,89.743315,0.073422,0.938858
"Valois Queue",12,500,1226.426573,12.264266,70.406449,0.057408,0.937540
"Valois Queue",12,750,1751.743464,17.517435,73.088890,0.041724,1.365637
"Valois Queue",12,750,1746.966630,17.469666,113.774434,0.065127,1.367127
"Valois Queue",12,750,1751.378710,17.513787,77.057472,0.043998,1.365277
"Valois Queue",12,1000,2220.805192,22.208052,106.832520,0.048105,1.784696
"Valois Queue",12,1000,2217.045803,22.170458,122.701918,0.055345,1.786223
"Valois Queue",12,1000,2239.769289,22.397693,84.055501,0.037529,1.785234
"MS Queue using DWCAS",1,0,94.450481,0.944505,0.127025,0.001345,0.321077
"MS Queue using DWCAS",1,0,94.429676,0.944297,0.057970,0.000614,0.320903
"MS Queue using DWCAS",1,0,94.380283,0.943803,0.073505,0.000779,0.320822
"MS Queue using DWCAS",1,250,76.498460,0.764985,0.407020,0.005321,1.314844
"MS Queue using DWCAS",1,250,76.646810,0.766468,0.305062,0.003980,1.314154
"MS Queue using DWCAS",1,250,76.898051,0.768981,0.501412,0.006520,1.315292
"MS Queue using DWCAS",1,500,71.106376,0.711064,0.826013,0.011617,2.343062
"MS Queue using DWCAS",1,500,72.070013,0.720700,0.178468,0.002476,2.347032
"MS Queue using DWCAS",1,500,72.197901,0.721979,0.145885,0.002021,2.347405
"MS Queue using DWCAS",1,750,80.444992,0.804450,0.299632,0.003725,3.423907
"MS Queue using DWCAS",1,750,80.154015,0.801540,0.174849,0.002181,3.422797
"MS Queue using DWCAS",1,750,80.171848,0.801718,0.235775,0.002941,3.422785
"MS Queue using DWCAS",1,1000,78.521833,0.785218,0.261119,0.003325,4.458886
"MS Queue using DWCAS",1,1000,78.845407,0.788454,0.134581,0.001707,4.459815
"MS Queue using DWCAS",1,1000,79.056346,0.790563,0.577352,0.007303,4.460323
"MS Queue using DWCAS",2,0,280.445901,2.804459,5.334432,0.019021,0.482449
"MS Queue using DWCAS",2,0,275.136233,2.751362,7.665892,0.027862,0.475414
"MS Queue using DWCAS",2,0,273.616346,2.736163,8.354075,0.030532,0.473670
"MS Queue using DWCAS",2,250,164.918638,1.649186,1.168449,0.007085,0.920796
"MS Queue using DWCAS",2,250,161.219412,1.612194,1.803527,0.011187,0.915506
"MS Queue using DWCAS",2,250,163.073697,1.630737,2.987632,0.018321,0.919328
"MS Queue using DWCAS",2,500,146.451556,1.464516,1.576123,0.010762,1.520588
"MS Queue using DWCAS",2,500,147.410598,1.474106,1.483717,0.010065,1.522474
"MS Queue using DWCAS",2,500,148.026557,1.480266,1.348267,0.009108,1.523272
"MS Queue using DWCAS",2,750,159.001549,1.590015,3.374979,0.021226,2.169364
"MS Queue using DWCAS",2,750,156.581015,1.565810,1.472509,0.009404,2.163279
"MS Queue using DWCAS",2,750,160.834542,1.608345,1.876153,0.011665,2.173575
"MS Queue using DWCAS",2,1000,152.963218,1.529632,2.821930,0.018448,2.788137
"MS Queue using DWCAS",2,1000,153.295071,1.532951,1.368652,0.008928,2.787689
"MS Queue using DWCAS",2,1000,156.443738,1.564437,2.412394,0.015420,2.795869
"MS Queue using DWCAS",3,0,445.283741,4.452837,8.875449,0.019932,0.509772
"MS Queue using DWCAS",3,0,444.787587,4.447876,8.373195,0.018825,0.507215
"MS Queue using DWCAS",3,0,448.568176,4.485682,9.219317,0.020553,0.513599
"MS Queue using DWCAS",3,250,272.669202,2.726692,7.242235,0.026561,0.814525
"MS Queue using DWCAS",3,250,280.396319,2.803963,4.144336,0.014780,0.823634
"MS Queue using DWCAS",3,250,276.441398,2.764414,4.538722,0.016418,0.817897
"MS Queue using DWCAS",3,500,177.926334,1.779263,2.599205,0.014608,1.198437
"MS Queue using DWCAS",3,500,178.146358,1.781464,2.078576,0.011668,1.197791
"MS Queue using DWCAS",3,500,180.210870,1.802109,2.048780,0.011369,1.199342
"MS Queue using DWCAS",3,750,179.793976,1.797940,0.844347,0.004696,1.685536
"MS Queue using DWCAS",3,750,177.501553,1.775016,2.356920,0.013278,1.683694
"MS Queue using DWCAS",3,750,178.190280,1.781903,1.252709,0.007030,1.684000
"MS Queue using DWCAS",3,1000,173.118113,1.731181,1.286492,0.007431,2.169479
"MS Queue using DWCAS",3,1000,172.274407,1.722744,1.758671,0.010209,2.167935
"MS Queue using DWCAS",3,1000,172.326984,1.723270,1.214213,0.007046,2.168019
"MS Queue using DWCAS",4,0,670.865787,6.708658,6.955696,0.010368,0.571124
"MS Queue using DWCAS",4,0,670.848463,6.708485,5.513814,0.008219,0.571101
"MS Queue using DWCAS",4,0,668.568960,6.685690,7.023439,0.010505,0.569293
"MS Queue using DWCAS",4,250,395.425280,3.954253,3.815311,0.009649,0.771409
"MS Queue using DWCAS",4,250,394.252157,3.942522,5.882661,0.014921,0.772929
"MS Queue using DWCAS",4,250,394.259576,3.942596,7.148682,0.018132,0.774584
"MS Queue using DWCAS",4,500,269.242145,2.692421,1.390681,0.005165,1.085366
"MS Queue using DWCAS",4,500,270.963023,2.709630,5.809040,0.021438,1.090056
"MS Queue using DWCAS",4,500,270.123402,2.701234,6.878866,0.025466,1.091852
"MS Queue using DWCAS",4,750,205.699817,2.056998,9.186906,0.044662,1.458791
"MS Queue using DWCAS",4,750,205.097413,2.050974,8.763841,0.042730,1.460811
"MS Queue using DWCAS",4,750,206.424625,2.064246,10.050010,0.048686,1.461188
"MS Queue using DWCAS",4,1000,191.248210,1.912482,11.394311,0.059579,1.872554
"MS Queue using DWCAS",4,1000,189.509235,1.895092,9.952334,0.052516,1.869728
"MS Queue using DWCAS",4,1000,191.412106,1.914121,14.506342,0.075786,1.871283
"MS Queue using DWCAS",5,0,838.207803,8.382078,29.235725,0.034879,0.580235
"MS Queue using DWCAS",5,0,835.290783,8.352908,28.692499,0.034350,0.581962
"MS Queue using DWCAS",5,0,839.368123,8.393681,25.891254,0.030846,0.579307
"MS Queue using DWCAS",5,250,549.591798,5.495918,31.516343,0.057345,0.787034
"MS Queue using DWCAS",5,250,552.965140,5.529651,30.149202,0.054523,0.787834
"MS Queue using DWCAS",5,250,551.983665,5.519837,30.477036,0.055214,0.788494
"MS Queue using DWCAS",5,500,449.749289,4.497493,47.898868,0.106501,1.112849
"MS Queue using DWCAS",5,500,457.047183,4.570472,40.957518,0.089613,1.113405
"MS Queue using DWCAS",5,500,453.534075,4.535341,41.561635,0.091639,1.109917
"MS Queue using DWCAS",5,750,429.510390,4.295104,48.174758,0.112162,1.480904
"MS Queue using DWCAS",5,750,438.852808,4.388528,42.812186,0.097555,1.480121
"MS Queue using DWCAS",5,750,439.275832,4.392758,54.004651,0.122940,1.487580
"MS Queue using DWCAS",5,1000,479.215570,4.792156,56.680150,0.118277,1.896763
"MS Queue using DWCAS",5,1000,472.457748,4.724577,59.293381,0.125500,1.894705
"MS Queue using DWCAS",5,1000,472.066240,4.720662,56.849473,0.120427,1.894288
"MS Queue using DWCAS",6,0,960.835780,9.608358,71.652435,0.074573,0.578857
"MS Queue using DWCAS",6,0,969.713156,9.697132,69.108421,0.071267,0.586143
"MS Queue using DWCAS",6,0,946.585577,9.465856,79.795323,0.084298,0.581058
"MS Queue using DWCAS",6,250,667.296704,6.672967,82.787071,0.124063,0.794079
"MS Queue using DWCAS",6,250,668.006200,6.680062,86.837379,0.129995,0.798832
"MS Queue using DWCAS",6,250,667.230890,6.672309,77.095151,0.115545,0.794157
"MS Queue using DWCAS",6,500,611.124327,6.111243,108.507375,0.177554,1.139398
"MS Queue using DWCAS",6,500,595.600947,5.956009,98.623890,0.165587,1.128791
"MS Queue using DWCAS",6,500,611.693116,6.116931,97.790323,0.159868,1.131853
"MS Queue using DWCAS",6,750,610.128037,6.101280,141.543361,0.231990,1.516319
"MS Queue using DWCAS",6,750,611.487018,6.114870,128.015043,0.209350,1.505145
"MS Queue using DWCAS",6,750,622.151711,6.221517,128.190758,0.206044,1.511109
"MS Queue using DWCAS",6,1000,705.541488,7.055415,163.614627,0.231899,1.937869
"MS Queue using DWCAS",6,1000,705.586443,7.055864,176.192002,0.249710,1.946967
"MS Queue using DWCAS",6,1000,709.033360,7.090334,168.436812,0.237558,1.942322
"MS Queue using DWCAS",7,0,1168.259291,11.682593,83.530230,0.071500,0.598208
"MS Queue using DWCAS",7,0,1168.324651,11.683247,92.514127,0.079185,0.597690
"MS Queue using DWCAS",7,0,1160.498240,11.604982,83.991284,0.072375,0.593041
"MS Queue using DWCAS",7,250,846.410554,8.464106,91.848785,0.108516,0.792488
"MS Queue using DWCAS",7,250,832.601488,8.326015,84.773274,0.101817,0.785378
"MS Queue using DWCAS",7,250,836.949122,8.369491,87.547264,0.104603,0.789849
"MS Queue using DWCAS",7,500,788.082549,7.880825,110.481998,0.140191,1.106616
"MS Queue using DWCAS",7,500,808.062316,8.080623,102.864478,0.127298,1.114270
"MS Queue using DWCAS",7,500,798.363817,7.983638,106.675549,0.133618,1.111877
"MS Queue using DWCAS",7,750,851.455070,8.514551,124.940971,0.146738,1.478493
"MS Queue using DWCAS",7,750,857.205945,8.572059,123.702523,0.144309,1.482654
"MS Queue using DWCAS",7,750,850.176659,8.501767,125.375296,0.147470,1.479168
"MS Queue using DWCAS",7,1000,991.516134,9.915161,153.914400,0.155231,1.889871
"MS Queue using DWCAS",7,1000,986.938855,9.869389,149.960268,0.151945,1.884805
"MS Queue using DWCAS",7,1000,979.388921,9.793889,167.926496,0.171460,1.886509
"MS Queue using DWCAS",8,0,1414.052017,14.140520,46.764086,0.033071,0.606710
"MS Queue using DWCAS",8,0,1417.129723,14.171297,41.670156,0.029405,0.615282
"MS Queue using DWCAS",8,0,1421.117650,14.211176,55.353232,0.038950,0.612113
"MS Queue using DWCAS",8,250,1101.139937,11.011399,38.509350,0.034972,0.802015
"MS Queue using DWCAS",8,250,1109.466732,11.094667,43.099625,0.038847,0.807656
"MS Queue using DWCAS",8,250,1093.290811,10.932908,38.058995,0.034811,0.805370
"MS Queue using DWCAS",8,500,1078.189279,10.781893,40.207782,0.037292,1.111986
"MS Queue using DWCAS",8,500,1064.528968,10.645290,32.327577,0.030368,1.110360
"MS Queue using DWCAS",8,500,1057.889385,10.578894,39.929205,0.037744,1.110270
"MS Queue using DWCAS",8,750,1297.621583,12.976216,59.469446,0.045830,1.525502
"MS Queue using DWCAS",8,750,1247.784230,12.477842,54.467643,0.043651,1.499516
"MS Queue using DWCAS",8,750,1172.496883,11.724969,37.847982,0.032280,1.473046
"MS Queue using DWCAS",8,1000,1384.336614,13.843366,48.440034,0.034992,1.882153
"MS Queue using DWCAS",8,1000,1380.399201,13.803992,62.200931,0.045060,1.878160
"MS Queue using DWCAS",8,1000,1386.526034,13.865260,45.537072,0.032843,1.879888
"MS Queue using DWCAS",9,0,1592.653990,15.926540,76.717622,0.048170,0.613425
"MS Queue using DWCAS",9,0,1587.678086,15.876781,71.769456,0.045204,0.621143
"MS Queue using DWCAS",9,0,1590.116279,15.901163,78.428011,0.049322,0.616343
"MS Queue using DWCAS",9,250,1269.087828,12.690878,71.075113,0.056005,0.811195
"MS Queue using DWCAS",9,250,1235.902559,12.359026,59.860907,0.048435,0.808546
"MS Queue using DWCAS",9,250,1241.994650,12.419946,75.044680,0.060423,0.806815
"MS Queue using DWCAS",9,500,1265.038757,12.650388,72.122255,0.057012,1.123512
"MS Queue using DWCAS",9,500,1266.591300,12.665913,71.609550,0.056537,1.120410
"MS Queue using DWCAS",9,500,1266.443296,12.664433,78.379993,0.061890,1.119398
"MS Queue using DWCAS",9,750,1389.614037,13.896140,94.101507,0.067718,1.479155
"MS Queue using DWCAS",9,750,1411.156541,14.111565,65.620223,0.046501,1.477206
"MS Queue using DWCAS",9,750,1397.174099,13.971741,83.123057,0.059494,1.476728
"MS Queue using DWCAS",9,1000,1666.697878,16.666979,84.379672,0.050627,1.884201
"MS Queue using DWCAS",9,1000,1668.414281,16.684143,78.206089,0.046875,1.882398
"MS Queue using DWCAS",9,1000,1665.120900,16.651209,90.794032,0.054527,1.886585
"MS Queue using DWCAS",10,0,1731.198290,17.311983,117.825096,0.068060,0.623999
"MS Queue using DWCAS",10,0,1783.903378,17.839034,110.765527,0.062092,0.625353
"MS Queue using DWCAS",10,0,1742.119941,17.421199,121.149079,0.069541,0.621805
"MS Queue using DWCAS",10,250,1380.187750,13.801878,128.504039,0.093106,0.817750
"MS Queue using DWCAS",10,250,1415.321674,14.153217,114.989465,0.081246,0.820217
"MS Queue using DWCAS",10,250,1414.280745,14.142807,99.879705,0.070622,0.817650
"MS Queue using DWCAS",10,500,1428.164572,14.281646,129.041110,0.090355,1.128288
"MS Queue using DWCAS",10,500,1432.873894,14.328739,109.618976,0.076503,1.126540
"MS Queue using DWCAS",10,500,1431.066145,14.310661,125.263775,0.087532,1.131219
"MS Queue using DWCAS",10,750,1559.295101,15.592951,147.697402,0.094721,1.478401
"MS Queue using DWCAS",10,750,1578.517947,15.785179,142.199124,0.090084,1.489400
"MS Queue using DWCAS",10,750,1592.664968,15.926650,145.760317,0.091520,1.490349
"MS Queue using DWCAS",10,1000,2003.266117,20.032661,188.950057,0.094321,1.926003
"MS Queue using DWCAS",10,1000,2487.530757,24.875308,223.264250,0.089753,2.081758
"MS Queue using DWCAS",10,1000,1892.053604,18.920536,167.371715,0.088460,1.894467
"MS Queue using DWCAS",11,0,1947.510918,19.475109,128.171745,0.065813,0.629336
"MS Queue using DWCAS",11,0,1952.921246,19.529212,119.548857,0.061215,0.634147
"MS Queue using DWCAS",11,0,1992.598199,19.925982,126.042400,0.063255,0.638284
"MS Queue using DWCAS",11,250,1596.739284,15.967393,123.746932,0.077500,0.821985
"MS Queue using DWCAS",11,250,1575.355787,15.753558,115.282808,0.073179,0.816673
"MS Queue using DWCAS",11,250,1582.041145,15.820411,107.267112,0.067803,0.827004
"MS Queue using DWCAS",11,500,1669.093757,16.690938,122.818633,0.073584,1.134282
"MS Queue using DWCAS",11,500,1639.318815,16.393188,118.486477,0.072278,1.135360
"MS Queue using DWCAS",11,500,1655.930824,16.559308,113.845714,0.068750,1.129046
"MS Queue using DWCAS",11,750,1839.723114,18.397231,131.699364,0.071587,1.485772
"MS Queue using DWCAS",11,750,1814.412935,18.144129,122.745796,0.067650,1.477447
"MS Queue using DWCAS",11,750,1869.389437,18.693894,140.937969,0.075393,1.482358
"MS Queue using DWCAS",11,1000,2201.942852,22.019429,156.181123,0.070929,1.887570
"MS Queue using DWCAS",11,1000,2230.727456,22.307275,148.353556,0.066505,1.892098
"MS Queue using DWCAS",11,1000,2185.698267,21.856983,142.483769,0.065189,1.881889
"MS Queue using DWCAS",12,0,2282.574348,22.825743,123.463380,0.054090,0.653997
"MS Queue using DWCAS",12,0,2206.052246,22.060522,135.511376,0.061427,0.647543
"MS Queue using DWCAS",12,0,2268.870353,22.688704,118.111127,0.052057,0.655471
"MS Queue using DWCAS",12,250,1810.173095,18.101731,98.538668,0.054436,0.824359
"MS Queue using DWCAS",12,250,1791.423559,17.914236,94.550683,0.052780,0.817309
"MS Queue using DWCAS",12,250,1761.073266,17.610733,86.730603,0.049249,0.809216
"MS Queue using DWCAS",12,500,2267.899946,22.678999,126.332633,0.055705,1.221045
"MS Queue using DWCAS",12,500,2198.394449,21.983944,139.981674,0.063675,1.216062
"MS Queue using DWCAS",12,500,2028.169604,20.281696,169.073956,0.083363,1.166866
"MS Queue using DWCAS",12,750,2203.925705,22.039257,105.799698,0.048005,1.500057
"MS Queue using DWCAS",12,750,2163.557469,21.635575,101.398297,0.046866,1.483518
"MS Queue using DWCAS",12,750,2171.230764,21.712308,104.201053,0.047992,1.483155
"MS Queue using DWCAS",12,1000,2605.271298,26.052713,136.853841,0.052530,1.891157
"MS Queue using DWCAS",12,1000,3027.919400,30.279194,425.591986,0.140556,2.036973
"MS Queue using DWCAS",12,1000,2589.620035,25.896200,138.527709,0.053493,1.887927
"Baskets Queue using DWCAS",1,0,123.184310,1.231843,0.156795,0.001273,0.416781
"Baskets Queue using DWCAS",1,0,123.216415,1.232164,0.129203,0.001049,0.416664
"Baskets Queue using DWCAS",1,0,123.333652,1.233337,0.057972,0.000470,0.417072
"Baskets Queue using DWCAS",1,250,107.740232,1.077402,0.074185,0.000689,1.418498
"Baskets Queue using DWCAS",1,250,107.784241,1.077842,0.220379,0.002045,1.419129
"Baskets Queue using DWCAS",1,250,109.153175,1.091532,2.091481,0.019161,1.424161
"Baskets Queue using DWCAS",1,500,106.772063,1.067721,1.438460,0.013472,2.459890
"Baskets Queue using DWCAS",1,500,101.337531,1.013375,0.470382,0.004642,2.443828
"Baskets Queue using DWCAS",1,500,101.993874,1.019939,0.642950,0.006304,2.445633
"Baskets Queue using DWCAS",1,750,111.170962,1.111710,0.213414,0.001920,3.518686
"Baskets Queue using DWCAS",1,750,111.315814,1.113158,0.274249,0.002464,3.519256
"Baskets Queue using DWCAS",1,750,111.670812,1.116708,0.126435,0.001132,3.520253
"Baskets Queue using DWCAS",1,1000,111.582753,1.115828,0.291039,0.002608,4.564042
"Baskets Queue using DWCAS",1,1000,111.855078,1.118551,0.243559,0.002177,4.564808
"Baskets Queue using DWCAS",1,1000,110.585667,1.105857,0.142747,0.001291,4.560753
"Baskets Queue using DWCAS",2,0,336.551639,3.365516,6.151660,0.018279,0.575550
"Baskets Queue using DWCAS",2,0,344.080783,3.440808,1.671779,0.004859,0.580971
"Baskets Queue using DWCAS",2,0,339.567327,3.395673,3.898100,0.011480,0.574491
"Baskets Queue using DWCAS",2,250,215.974295,2.159743,1.909461,0.008841,1.007276
"Baskets Queue using DWCAS",2,250,214.499840,2.144998,0.671942,0.003133,1.002386
"Baskets Queue using DWCAS",2,250,213.749263,2.137493,0.359677,0.001683,1.000723
"Baskets Queue using DWCAS",2,500,190.362650,1.903626,0.622306,0.003269,1.592916
"Baskets Queue using DWCAS",2,500,188.702764,1.887028,1.726460,0.009149,1.590451
"Baskets Queue using DWCAS",2,500,192.207145,1.922071,1.863094,0.009693,1.598126
"Baskets Queue using DWCAS",2,750,199.014433,1.990144,2.418768,0.012154,2.236643
"Baskets Queue using DWCAS",2,750,198.081690,1.980817,3.315952,0.016740,2.235889
"Baskets Queue using DWCAS",2,750,196.746312,1.967463,3.297342,0.016759,2.232410
"Baskets Queue using DWCAS",2,1000,192.657595,1.926576,0.882485,0.004581,2.851711
"Baskets Queue using DWCAS",2,1000,193.253519,1.932535,2.119057,0.010965,2.854730
"Baskets Queue using DWCAS",2,1000,193.037094,1.930371,2.952774,0.015296,2.854963
"Baskets Queue using DWCAS",3,0,528.503053,5.285031,6.329818,0.011977,0.598602
"Baskets Queue using DWCAS",3,0,524.123072,5.241231,9.049838,0.017267,0.596051
"Baskets Queue using DWCAS",3,0,524.861866,5.248619,6.537922,0.012456,0.595401
"Baskets Queue using DWCAS",3,250,365.694528,3.656945,4.550410,0.012443,0.914473
"Baskets Queue using DWCAS",3,250,361.238503,3.612385,6.634934,0.018367,0.913328
"Baskets Queue using DWCAS",3,250,361.812933,3.618129,6.042264,0.016700,0.913384
"Baskets Queue using DWCAS",3,500,270.105587,2.701056,1.307250,0.004840,1.299145
"Baskets Queue using DWCAS",3,500,261.436283,2.614363,3.755978,0.014367,1.290221
"Baskets Queue using DWCAS",3,500,265.698740,2.656987,2.546619,0.009585,1.295095
"Baskets Queue using DWCAS",3,750,249.039557,2.490396,1.856256,0.007454,1.765444
"Baskets Queue using DWCAS",3,750,245.518034,2.455180,1.396119,0.005686,1.759991
"Baskets Queue using DWCAS",3,750,247.586660,2.475867,3.062977,0.012371,1.763458
"Baskets Queue using DWCAS",3,1000,231.190717,2.311907,2.021648,0.008745,2.233030
"Baskets Queue using DWCAS",3,1000,231.154993,2.311550,2.463559,0.010658,2.233089
"Baskets Queue using DWCAS",3,1000,231.074396,2.310744,1.965507,0.008506,2.233372
"Baskets Queue using DWCAS",4,0,759.564639,7.595646,3.542355,0.004664,0.643251
"Baskets Queue using DWCAS",4,0,759.942226,7.599422,3.817085,0.005023,0.643679
"Baskets Queue using DWCAS",4,0,749.669417,7.496694,16.812032,0.022426,0.640359
"Baskets Queue using DWCAS",4,250,510.382052,5.103821,6.256596,0.012259,0.868412
"Baskets Queue using DWCAS",4,250,515.530406,5.155304,4.718822,0.009153,0.870835
"Baskets Queue using DWCAS",4,250,508.776179,5.087762,6.299528,0.012382,0.867728
"Baskets Queue using DWCAS",4,500,379.400776,3.794008,7.473905,0.019699,1.182656
"Baskets Queue using DWCAS",4,500,381.458081,3.814581,7.525309,0.019728,1.183597
"Baskets Queue using DWCAS",4,500,381.629010,3.816290,4.732260,0.012400,1.181180
"Baskets Queue using DWCAS",4,750,316.705597,3.167056,9.982526,0.031520,1.554826
"Baskets Queue using DWCAS",4,750,318.078029,3.180780,7.657284,0.024074,1.552590
"Baskets Queue using DWCAS",4,750,319.159798,3.191598,9.980828,0.031272,1.555198
"Baskets Queue using DWCAS",4,1000,281.967306,2.819673,8.629750,0.030605,1.943006
"Baskets Queue using DWCAS",4,1000,284.141463,2.841415,11.955406,0.042076,1.949255
"Baskets Queue using DWCAS",4,1000,283.852608,2.838526,10.619651,0.037413,1.947557
"Baskets Queue using DWCAS",5,0,918.982039,9.189820,29.713940,0.032334,0.637584
"Baskets Queue using DWCAS",5,0,911.672507,9.116725,36.028389,0.039519,0.635053
"Baskets Queue using DWCAS",5,0,929.718328,9.297183,26.488606,0.028491,0.644499
"Baskets Queue using DWCAS",5,250,678.303977,6.783040,36.340165,0.053575,0.873288
"Baskets Queue using DWCAS",5,250,676.640881,6.766409,35.967212,0.053156,0.871326
"Baskets Queue using DWCAS",5,250,681.927334,6.819273,34.735661,0.050937,0.875935
"Baskets Queue using DWCAS",5,500,583.010412,5.830104,36.611196,0.062797,1.197618
"Baskets Queue using DWCAS",5,500,579.056492,5.790565,44.457191,0.076775,1.198937
"Baskets Queue using DWCAS",5,500,582.440732,5.824407,43.705974,0.075039,1.201989
"Baskets Queue using DWCAS",5,750,560.983002,5.609830,49.272920,0.087833,1.568366
"Baskets Queue using DWCAS",5,750,564.308303,5.643083,51.233953,0.090791,1.572810
"Baskets Queue using DWCAS",5,750,560.274463,5.602745,56.129001,0.100181,1.569514
"Baskets Queue using DWCAS",5,1000,582.405245,5.824052,55.841843,0.095881,1.965987
"Baskets Queue using DWCAS",5,1000,581.982390,5.819824,60.745891,0.104378,1.966383
"Baskets Queue using DWCAS",5,1000,585.195410,5.851954,50.087913,0.085592,1.963107
"Baskets Queue using DWCAS",6,0,1055.906626,10.559066,71.148354,0.067381,0.638791
"Baskets Queue using DWCAS",6,0,1059.716843,10.597168,71.414233,0.067390,0.640385
"Baskets Queue using DWCAS",6,0,1059.308169,10.593082,69.213445,0.065338,0.636359
"Baskets Queue using DWCAS",6,250,813.545722,8.135457,84.337850,0.103667,0.880099
"Baskets Queue using DWCAS",6,250,800.562050,8.005621,92.721003,0.115820,0.874192
"Baskets Queue using DWCAS",6,250,810.313053,8.103131,89.597017,0.110571,0.874879
"Baskets Queue using DWCAS",6,500,741.342517,7.413425,110.118491,0.148539,1.211676
"Baskets Queue using DWCAS",6,500,735.587456,7.355875,115.733608,0.157335,1.212832
"Baskets Queue using DWCAS",6,500,729.716110,7.297161,113.374711,0.155368,1.203067
"Baskets Queue using DWCAS",6,750,765.740028,7.657400,145.275140,0.189719,1.599229
"Baskets Queue using DWCAS",6,750,757.828309,7.578283,143.927110,0.189920,1.589525
"Baskets Queue using DWCAS",6,750,758.449994,7.584500,146.739477,0.193473,1.604429
"Baskets Queue using DWCAS",6,1000,811.270730,8.112707,187.363175,0.230950,2.010834
"Baskets Queue using DWCAS",6,1000,822.662859,8.226629,171.942978,0.209008,2.002488
"Baskets Queue using DWCAS",6,1000,806.669633,8.066696,186.698484,0.231444,2.000260
"Baskets Queue using DWCAS",7,0,1254.486138,12.544861,100.785776,0.080340,0.644583
"Baskets Queue using DWCAS",7,0,1255.672137,12.556721,98.652328,0.078565,0.644460
"Baskets Queue using DWCAS",7,0,1253.060901,12.530609,99.633129,0.079512,0.644804
"Baskets Queue using DWCAS",7,250,985.236595,9.852366,103.732186,0.105287,0.864008
"Baskets Queue using DWCAS",7,250,993.321758,9.933218,106.279207,0.106994,0.867156
"Baskets Queue using DWCAS",7,250,1000.527146,10.005271,102.473543,0.102420,0.871470
"Baskets Queue using DWCAS",7,500,951.134360,9.511344,109.262006,0.114875,1.188348
"Baskets Queue using DWCAS",7,500,956.400064,9.564001,115.541764,0.120809,1.186690
"Baskets Queue using DWCAS",7,500,950.947487,9.509475,110.403274,0.116098,1.190628
"Baskets Queue using DWCAS",7,750,1003.260568,10.032606,154.399487,0.153898,1.562404
"Baskets Queue using DWCAS",7,750,1009.801232,10.098012,139.855204,0.138498,1.556581
"Baskets Queue using DWCAS",7,750,993.274617,9.932746,147.170180,0.148167,1.555643
"Baskets Queue using DWCAS",7,1000,1129.578634,11.295786,158.423850,0.140250,1.958061
"Baskets Queue using DWCAS",7,1000,1122.373028,11.223730,159.774204,0.142354,1.956606
"Baskets Queue using DWCAS",7,1000,1118.466300,11.184663,165.699688,0.148149,1.957054
"Baskets Queue using DWCAS",8,0,1514.648033,15.146480,31.434788,0.020754,0.652049
"Baskets Queue using DWCAS",8,0,1513.874107,15.138741,31.260230,0.020649,0.650046
"Baskets Queue using DWCAS",8,0,1508.108982,15.081090,45.325118,0.030054,0.652281
"Baskets Queue using DWCAS",8,250,1254.279237,12.542792,30.772335,0.024534,0.868574
"Baskets Queue using DWCAS",8,250,1251.498125,12.514981,36.687654,0.029315,0.869935
"Baskets Queue using DWCAS",8,250,1253.810276,12.538103,37.758114,0.030115,0.869348
"Baskets Queue using DWCAS",8,500,1236.220769,12.362208,41.126474,0.033268,1.179601
"Baskets Queue using DWCAS",8,500,1228.751130,12.287511,37.908402,0.030851,1.179680
"Baskets Queue using DWCAS",8,500,1224.042726,12.240427,51.775583,0.042299,1.180004
"Baskets Queue using DWCAS",8,750,1350.819013,13.508190,39.395632,0.029164,1.543628
"Baskets Queue using DWCAS",8,750,1350.857728,13.508577,39.519202,0.029255,1.545929
"Baskets Queue using DWCAS",8,750,1351.708524,13.517085,37.777157,0.027948,1.545205
"Baskets Queue using DWCAS",8,1000,1530.345170,15.303452,40.027967,0.026156,1.936057
"Baskets Queue using DWCAS",8,1000,1518.149243,15.181492,55.931887,0.036842,1.934916
"Baskets Queue using DWCAS",8,1000,1526.977362,15.269774,42.223070,0.027651,1.935143
"Baskets Queue using DWCAS",9,0,1698.077540,16.980775,57.778623,0.034026,0.654473
"Baskets Queue using DWCAS",9,0,1686.594486,16.865945,64.449295,0.038213,0.655130
"Baskets Queue using DWCAS",9,0,1681.584784,16.815848,76.901969,0.045732,0.652930
"Baskets Queue using DWCAS",9,250,1386.610850,13.866108,65.989438,0.047590,0.861764
"Baskets Queue using DWCAS",9,250,1405.416776,14.054168,54.928776,0.039084,0.864807
"Baskets Queue using DWCAS",9,250,1395.120057,13.951201,67.326969,0.048259,0.861250
"Baskets Queue using DWCAS",9,500,1422.075334,14.220753,61.309876,0.043113,1.179322
"Baskets Queue using DWCAS",9,500,1405.961900,14.059619,69.945251,0.049749,1.174527
"Baskets Queue using DWCAS",9,500,1416.343953,14.163440,71.689245,0.050616,1.180067
"Baskets Queue using DWCAS",9,750,1576.197961,15.761980,89.599480,0.056845,1.548029
"Baskets Queue using DWCAS",9,750,1571.550738,15.715507,92.854054,0.059084,1.546745
"Baskets Queue using DWCAS",9,750,1577.691946,15.776919,78.104353,0.049505,1.546267
"Baskets Queue using DWCAS",9,1000,1797.769761,17.977698,109.101433,0.060687,1.938324
"Baskets Queue using DWCAS",9,1000,1806.176710,18.061767,96.618595,0.053493,1.937251
"Baskets Queue using DWCAS",9,1000,1806.131641,18.061316,84.610438,0.046846,1.938616
"Baskets Queue using DWCAS",10,0,1794.023565,17.940236,110.232471,0.061444,0.642162
"Baskets Queue using DWCAS",10,0,1801.310239,18.013102,127.665846,0.070874,0.643699
"Baskets Queue using DWCAS",10,0,1814.881044,18.148810,104.502567,0.057581,0.646581
"Baskets Queue using DWCAS",10,250,1534.639273,15.346393,111.322674,0.072540,0.865975
"Baskets Queue using DWCAS",10,250,1531.280128,15.312801,106.925284,0.069827,0.863111
"Baskets Queue using DWCAS",10,250,1549.120932,15.491209,102.408653,0.066108,0.867057
"Baskets Queue using DWCAS",10,500,1565.265518,15.652655,136.579109,0.087256,1.177192
"Baskets Queue using DWCAS",10,500,1550.878561,15.508786,132.365988,0.085349,1.177047
"Baskets Queue using DWCAS",10,500,1572.241137,15.722411,124.630658,0.079269,1.178074
"Baskets Queue using DWCAS",10,750,1752.870733,17.528707,140.650843,0.080240,1.546654
"Baskets Queue using DWCAS",10,750,1751.984333,17.519843,153.093606,0.087383,1.550762
"Baskets Queue using DWCAS",10,750,1759.395922,17.593959,147.152380,0.083638,1.548654
"Baskets Queue using DWCAS",10,1000,2034.472630,20.344726,154.671257,0.076025,1.939862
"Baskets Queue using DWCAS",10,1000,2021.938790,20.219388,159.502786,0.078886,1.938282
"Baskets Queue using DWCAS",10,1000,2032.721674,20.327217,172.806104,0.085012,1.940292
"Baskets Queue using DWCAS",11,0,1998.198249,19.981982,98.450509,0.049270,0.644538
"Baskets Queue using DWCAS",11,0,2004.776661,20.047767,87.380123,0.043586,0.642811
"Baskets Queue using DWCAS",11,0,1991.774394,19.917744,121.915837,0.061210,0.646218
"Baskets Queue using DWCAS",11,250,1729.045454,17.290455,110.617825,0.063976,0.862413
"Baskets Queue using DWCAS",11,250,1749.507733,17.495077,104.526999,0.059747,0.868417
"Baskets Queue using DWCAS",11,250,1737.249567,17.372496,98.332076,0.056602,0.864145
"Baskets Queue using DWCAS",11,500,1794.577901,17.945779,103.533860,0.057693,1.177769
"Baskets Queue using DWCAS",11,500,1792.565997,17.925660,118.010614,0.065833,1.177193
"Baskets Queue using DWCAS",11,500,1788.396133,17.883961,124.833568,0.069802,1.175575
"Baskets Queue using DWCAS",11,750,2023.133545,20.231335,140.735873,0.069563,1.541529
"Baskets Queue using DWCAS",11,750,2029.166029,20.291660,124.630700,0.061420,1.539414
"Baskets Queue using DWCAS",11,750,2033.124947,20.331249,144.633815,0.071139,1.541029
"Baskets Queue using DWCAS",11,1000,2366.312852,23.663129,157.550145,0.066580,1.936199
"Baskets Queue using DWCAS",11,1000,2369.678326,23.696783,139.255505,0.058766,1.932938
"Baskets Queue using DWCAS",11,1000,2362.672841,23.626728,144.844755,0.061305,1.934917
"Baskets Queue using DWCAS",12,0,2283.836391,22.838364,53.427903,0.023394,0.656307
"Baskets Queue using DWCAS",12,0,2244.862066,22.448621,100.482389,0.044761,0.653223
"Baskets Queue using DWCAS",12,0,2264.545710,22.645457,74.681495,0.032979,0.652368
"Baskets Queue using DWCAS",12,250,1971.642900,19.716429,87.905378,0.044585,0.865283
"Baskets Queue using DWCAS",12,250,1976.220331,19.762203,66.899203,0.033852,0.865481
"Baskets Queue using DWCAS",12,250,1947.983594,19.479836,107.675172,0.055275,0.860814
"Baskets Queue using DWCAS",12,500,2056.236636,20.562366,89.663012,0.043605,1.172673
"Baskets Queue using DWCAS",12,500,2069.449597,20.694496,82.707237,0.039966,1.175556
"Baskets Queue using DWCAS",12,500,2060.630214,20.606302,98.711428,0.047904,1.176754
"Baskets Queue using DWCAS",12,750,2361.891516,23.618915,90.011296,0.038110,1.537106
"Baskets Queue using DWCAS",12,750,2362.297953,23.622980,101.435521,0.042939,1.541316
"Baskets Queue using DWCAS",12,750,2365.663589,23.656636,105.215336,0.044476,1.540657
"Baskets Queue using DWCAS",12,1000,2747.766973,27.477670,104.095203,0.037884,1.928941
"Baskets Queue using DWCAS",12,1000,2746.789846,27.467898,114.390863,0.041645,1.930449
"Baskets Queue using DWCAS",12,1000,2730.062415,27.300624,140.785932,0.051569,1.928333
"MS Two-Lock TTAS",1,0,61.019297,0.610193,0.104740,0.001717,0.208030
"MS Two-Lock TTAS",1,0,61.030049,0.610300,0.087624,0.001436,0.208098
"MS Two-Lock TTAS",1,0,61.003177,0.610032,0.086758,0.001422,0.207994
"MS Two-Lock TTAS",1,250,44.693604,0.446936,0.324557,0.007262,1.207140
"MS Two-Lock TTAS",1,250,44.728302,0.447283,0.286696,0.006410,1.207250
"MS Two-Lock TTAS",1,250,44.546514,0.445465,0.273911,0.006149,1.207112
"MS Two-Lock TTAS",1,500,39.138488,0.391385,0.430754,0.011006,2.234486
"MS Two-Lock TTAS",1,500,42.027351,0.420274,0.168707,0.004014,2.246467
"MS Two-Lock TTAS",1,500,38.983721,0.389837,0.271783,0.006972,2.233928
"MS Two-Lock TTAS",1,750,43.247844,0.432478,0.149557,0.003458,3.296343
"MS Two-Lock TTAS",1,750,43.110479,0.431105,0.188265,0.004367,3.296237
"MS Two-Lock TTAS",1,750,43.965202,0.439652,0.076173,0.001733,3.298612
"MS Two-Lock TTAS",1,1000,44.194225,0.441942,0.078637,0.001779,4.342963
"MS Two-Lock TTAS",1,1000,43.880297,0.438803,0.246526,0.005618,4.342185
"MS Two-Lock TTAS",1,1000,43.074527,0.430745,0.160837,0.003734,4.339733
"MS Two-Lock TTAS",2,0,226.349271,2.263493,8.589237,0.037947,0.383388
"MS Two-Lock TTAS",2,0,224.742272,2.247423,10.270259,0.045698,0.380588
"MS Two-Lock TTAS",2,0,224.928768,2.249288,9.383000,0.041715,0.381030
"MS Two-Lock TTAS",2,250,132.933302,1.329333,3.793992,0.028541,0.865468
"MS Two-Lock TTAS",2,250,134.126108,1.341261,3.878434,0.028916,0.868067
"MS Two-Lock TTAS",2,250,131.157164,1.311572,4.263224,0.032505,0.862675
"MS Two-Lock TTAS",2,500,129.133624,1.291336,4.423067,0.034252,1.489019
"MS Two-Lock TTAS",2,500,129.077135,1.290771,5.702536,0.044179,1.488677
"MS Two-Lock TTAS",2,500,129.185961,1.291860,5.624960,0.043542,1.489736
"MS Two-Lock TTAS",2,750,137.872036,1.378720,5.476600,0.039722,2.132037
"MS Two-Lock TTAS",2,750,138.740759,1.387408,6.791862,0.048954,2.133671
"MS Two-Lock TTAS",2,750,142.738148,1.427381,5.697870,0.039918,2.140565
"MS Two-Lock TTAS",2,1000,147.039452,1.470395,8.561439,0.058225,2.779003
"MS Two-Lock TTAS",2,1000,140.667453,1.406675,6.692619,0.047578,2.764900
"MS Two-Lock TTAS",2,1000,142.111777,1.421118,6.867350,0.048324,2.766375
"MS Two-Lock TTAS",3,0,360.515103,3.605151,22.394206,0.062117,0.409284
"MS Two-Lock TTAS",3,0,361.205330,3.612053,23.204390,0.064242,0.409782
"MS Two-Lock TTAS",3,0,362.403484,3.624035,24.030825,0.066310,0.410988
"MS Two-Lock TTAS",3,250,191.612759,1.916128,14.758990,0.077025,0.719559
"MS Two-Lock TTAS",3,250,192.171860,1.921719,14.754051,0.076775,0.718930
"MS Two-Lock TTAS",3,250,190.616842,1.906168,16.383306,0.085949,0.717352
"MS Two-Lock TTAS",3,500,131.359071,1.313591,7.697038,0.058595,1.141227
"MS Two-Lock TTAS",3,500,130.071729,1.300717,8.917752,0.068560,1.139730
"MS Two-Lock TTAS",3,500,131.075221,1.310752,8.697960,0.066359,1.140808
"MS Two-Lock TTAS",3,750,134.785536,1.347855,8.448470,0.062681,1.635191
"MS Two-Lock TTAS",3,750,133.926607,1.339266,9.815380,0.073289,1.634146
"MS Two-Lock TTAS",3,750,133.747151,1.337472,7.610349,0.056901,1.633733
"MS Two-Lock TTAS",3,1000,134.096141,1.340961,7.718416,0.057559,2.122234
"MS Two-Lock TTAS",3,1000,133.996805,1.339968,9.584129,0.071525,2.122628
"MS Two-Lock TTAS",3,1000,132.602343,1.326023,9.180364,0.069232,2.121153
"MS Two-Lock TTAS",4,0,504.938540,5.049385,15.476901,0.030651,0.429765
"MS Two-Lock TTAS",4,0,509.257403,5.092574,12.886146,0.025304,0.432323
"MS Two-Lock TTAS",4,0,504.339520,5.043395,15.593374,0.030918,0.431914
"MS Two-Lock TTAS",4,250,325.069832,3.250698,14.116048,0.043425,0.712749
"MS Two-Lock TTAS",4,250,323.820229,3.238202,14.005718,0.043252,0.709715
"MS Two-Lock TTAS",4,250,327.078482,3.270785,15.743659,0.048134,0.710381
"MS Two-Lock TTAS",4,500,185.071186,1.850712,12.702492,0.068636,1.017486
"MS Two-Lock TTAS",4,500,184.173558,1.841736,14.710496,0.079873,1.016844
"MS Two-Lock TTAS",4,500,183.191063,1.831911,11.740588,0.064089,1.015168
"MS Two-Lock TTAS",4,750,164.677366,1.646774,14.320288,0.086960,1.423032
"MS Two-Lock TTAS",4,750,161.619656,1.616197,10.570013,0.065401,1.423304
"MS Two-Lock TTAS",4,750,165.844147,1.658441,15.069703,0.090867,1.422466
"MS Two-Lock TTAS",4,1000,161.614920,1.616149,15.228411,0.094227,1.844431
"MS Two-Lock TTAS",4,1000,161.423941,1.614239,14.830851,0.091875,1.843125
"MS Two-Lock TTAS",4,1000,161.943726,1.619437,14.730043,0.090958,1.843778
"MS Two-Lock TTAS",5,0,799.007452,7.990075,47.532823,0.059490,0.546849
"MS Two-Lock TTAS",5,0,776.123648,7.761236,43.567422,0.056135,0.534743
"MS Two-Lock TTAS",5,0,790.927124,7.909271,45.506517,0.057536,0.536692
"MS Two-Lock TTAS",5,250,611.971840,6.119718,43.261089,0.070691,0.823770
"MS Two-Lock TTAS",5,250,596.436145,5.964361,48.810190,0.081836,0.814495
"MS Two-Lock TTAS",5,250,612.618478,6.126185,60.475717,0.098717,0.818972
"MS Two-Lock TTAS",5,500,435.556902,4.355569,50.699212,0.116401,1.094442
"MS Two-Lock TTAS",5,500,431.489078,4.314891,41.604444,0.096421,1.084932
"MS Two-Lock TTAS",5,500,428.670648,4.286706,47.875328,0.111683,1.081587
"MS Two-Lock TTAS",5,750,448.337687,4.483377,48.729640,0.108690,1.479447
"MS Two-Lock TTAS",5,750,438.036570,4.380366,62.581263,0.142868,1.491413
"MS Two-Lock TTAS",5,750,430.600916,4.306009,55.896848,0.129811,1.479893
"MS Two-Lock TTAS",5,1000,484.986557,4.849866,57.162954,0.117865,1.908561
"MS Two-Lock TTAS",5,1000,505.070904,5.050709,52.525238,0.103996,1.909215
"MS Two-Lock TTAS",5,1000,485.308237,4.853082,57.645460,0.118781,1.902959
"MS Two-Lock TTAS",6,0,1052.413915,10.524139,70.887226,0.067357,0.630180
"MS Two-Lock TTAS",6,0,1047.515044,10.475150,89.780053,0.085708,0.626503
"MS Two-Lock TTAS",6,0,1055.901576,10.559016,106.325116,0.100696,0.629988
"MS Two-Lock TTAS",6,250,889.448954,8.894490,86.115251,0.096819,0.914364
"MS Two-Lock TTAS",6,250,902.766380,9.027664,80.697063,0.089389,0.915112
"MS Two-Lock TTAS",6,250,862.088238,8.620882,98.612656,0.114388,0.902098
"MS Two-Lock TTAS",6,500,658.142201,6.581422,98.861468,0.150213,1.155708
"MS Two-Lock TTAS",6,500,666.984253,6.669843,119.622266,0.179348,1.172625
"MS Two-Lock TTAS",6,500,673.379406,6.733794,113.378590,0.168373,1.173690
"MS Two-Lock TTAS",6,750,729.787519,7.297875,136.409287,0.186916,1.569192
"MS Two-Lock TTAS",6,750,724.291993,7.242920,138.573216,0.191322,1.572552
"MS Two-Lock TTAS",6,750,734.942105,7.349421,136.898397,0.186271,1.565346
"MS Two-Lock TTAS",6,1000,824.650536,8.246505,183.656386,0.222708,2.017881
"MS Two-Lock TTAS",6,1000,851.659549,8.516595,165.772373,0.194646,2.005342
"MS Two-Lock TTAS",6,1000,819.678997,8.196790,172.935730,0.210980,2.004418
"MS Two-Lock TTAS",7,0,1475.314412,14.753144,130.514757,0.088466,0.733020
"MS Two-Lock TTAS",7,0,1429.595841,14.295958,121.143397,0.084740,0.725128
"MS Two-Lock TTAS",7,0,1413.545651,14.135457,120.053553,0.084931,0.717466
"MS Two-Lock TTAS",7,250,1202.731505,12.027315,131.013121,0.108930,0.965178
"MS Two-Lock TTAS",7,250,1224.367460,12.243675,117.094574,0.095637,0.971504
"MS Two-Lock TTAS",7,250,1201.130761,12.011308,125.856080,0.104781,0.963958
"MS Two-Lock TTAS",7,500,934.489444,9.344894,126.378107,0.135238,1.179129
"MS Two-Lock TTAS",7,500,950.137284,9.501373,118.914418,0.125155,1.185199
"MS Two-Lock TTAS",7,500,952.868122,9.528681,146.243068,0.153477,1.191324
"MS Two-Lock TTAS",7,750,1040.299856,10.402999,151.606847,0.145734,1.580525
"MS Two-Lock TTAS",7,750,1078.103416,10.781034,142.544716,0.132218,1.580778
"MS Two-Lock TTAS",7,750,1002.422463,10.024225,162.799900,0.162406,1.569376
"MS Two-Lock TTAS",7,1000,1219.325645,12.193256,172.586242,0.141542,2.003252
"MS Two-Lock TTAS",7,1000,1198.152014,11.981520,168.200374,0.140383,1.994240
"MS Two-Lock TTAS",7,1000,1192.340561,11.923406,171.376638,0.143731,1.993898
"MS Two-Lock TTAS",8,0,1928.124198,19.281242,147.561283,0.076531,0.831495
"MS Two-Lock TTAS",8,0,1935.917089,19.359171,194.151009,0.100289,0.842665
"MS Two-Lock TTAS",8,0,1929.479747,19.294797,162.226912,0.084078,0.833815
"MS Two-Lock TTAS",8,250,1746.243351,17.462434,120.375833,0.068934,1.079926
"MS Two-Lock TTAS",8,250,1700.762880,17.007629,108.456874,0.063770,1.075013
"MS Two-Lock TTAS",8,250,1696.803377,16.968034,106.711287,0.062890,1.059273
"MS Two-Lock TTAS",8,500,1451.646623,14.516466,85.700870,0.059037,1.259760
"MS Two-Lock TTAS",8,500,1417.246833,14.172468,80.694136,0.056937,1.262501
"MS Two-Lock TTAS",8,500,1445.523950,14.455240,66.156009,0.045766,1.264415
"MS Two-Lock TTAS",8,750,1584.060321,15.840603,116.379058,0.073469,1.640435
"MS Two-Lock TTAS",8,750,1569.656906,15.696569,71.719932,0.045691,1.642866
"MS Two-Lock TTAS",8,750,1553.963740,15.539637,98.125543,0.063145,1.648102
"MS Two-Lock TTAS",8,1000,1824.603461,18.246035,100.501405,0.055081,2.061946
"MS Two-Lock TTAS",8,1000,2338.427917,23.384279,355.492734,0.152022,2.283419
"MS Two-Lock TTAS",8,1000,1809.284564,18.092846,71.897505,0.039738,2.060141
"MS Two-Lock TTAS",9,0,2411.669773,24.116698,173.071201,0.071764,0.944895
"MS Two-Lock TTAS",9,0,2432.896342,24.328963,217.064315,0.089221,0.951371
"MS Two-Lock TTAS",9,0,2487.166421,24.871664,181.422685,0.072944,0.950866
"MS Two-Lock TTAS",9,250,2205.238144,22.052381,247.664371,0.112307,1.169098
"MS Two-Lock TTAS",9,250,2195.734176,21.957342,182.617910,0.083169,1.170142
"MS Two-Lock TTAS",9,250,2177.531002,21.775310,163.961043,0.075297,1.161586
"MS Two-Lock TTAS",9,500,1764.562841,17.645628,124.238769,0.070408,1.322008
"MS Two-Lock TTAS",9,500,1754.972168,17.549722,120.115137,0.068443,1.312911
"MS Two-Lock TTAS",9,500,1814.591701,18.145917,112.848210,0.062189,1.323692
"MS Two-Lock TTAS",9,750,1944.440726,19.444407,138.291532,0.071121,1.677527
"MS Two-Lock TTAS",9,750,1945.416885,19.454169,151.182965,0.077712,1.689079
"MS Two-Lock TTAS",9,750,1849.786345,18.497863,167.185691,0.090381,1.661716
"MS Two-Lock TTAS",9,1000,2308.566555,23.085666,154.108516,0.066755,2.124797
"MS Two-Lock TTAS",9,1000,2261.228023,22.612280,148.529253,0.065685,2.114758
"MS Two-Lock TTAS",9,1000,2246.711894,22.467119,140.831374,0.062683,2.103136
"MS Two-Lock TTAS",10,0,2924.783834,29.247838,220.192054,0.075285,1.030951
"MS Two-Lock TTAS",10,0,2948.617838,29.486178,258.191964,0.087564,1.017612
"MS Two-Lock TTAS",10,0,2856.488202,28.564882,222.946357,0.078049,1.005235
"MS Two-Lock TTAS",10,250,2646.985974,26.469860,247.486568,0.093497,1.254874
"MS Two-Lock TTAS",10,250,2796.926548,27.969265,211.979629,0.075790,1.270241
"MS Two-Lock TTAS",10,250,2642.030100,26.420301,243.961259,0.092339,1.250076
"MS Two-Lock TTAS",10,500,2266.205678,22.662057,227.386714,0.100338,1.423292
"MS Two-Lock TTAS",10,500,2241.725645,22.417256,245.339995,0.109442,1.420472
"MS Two-Lock TTAS",10,500,2183.465088,21.834651,205.117642,0.093941,1.385512
"MS Two-Lock TTAS",10,750,2364.023762,23.640238,194.628098,0.082329,1.748849
"MS Two-Lock TTAS",10,750,2309.138204,23.091382,180.920512,0.078350,1.740773
"MS Two-Lock TTAS",10,750,2271.036347,22.710363,189.126562,0.083278,1.731786
"MS Two-Lock TTAS",10,1000,2673.332157,26.733322,208.019619,0.077813,2.148426
"MS Two-Lock TTAS",10,1000,2641.176963,26.411770,247.741118,0.093800,2.145457
"MS Two-Lock TTAS",10,1000,2662.457667,26.624577,199.589209,0.074964,2.151085
"MS Two-Lock TTAS",11,0,3482.326658,34.823267,278.990587,0.080116,1.102864
"MS Two-Lock TTAS",11,0,3501.432215,35.014322,307.321649,0.087770,1.114658
"MS Two-Lock TTAS",11,0,3530.416788,35.304168,339.200586,0.096079,1.102887
"MS Two-Lock TTAS",11,250,3199.353785,31.993538,351.216866,0.109777,1.329860
"MS Two-Lock TTAS",11,250,3180.420439,31.804204,226.638565,0.071261,1.317757
"MS Two-Lock TTAS",11,250,3266.965360,32.669654,328.108740,0.100432,1.342682
"MS Two-Lock TTAS",11,500,2628.019018,26.280190,228.889627,0.087096,1.429919
"MS Two-Lock TTAS",11,500,2575.081622,25.750816,226.091422,0.087800,1.417135
"MS Two-Lock TTAS",11,500,2555.369309,25.553693,229.530704,0.089823,1.409003
"MS Two-Lock TTAS",11,750,2854.887450,28.548874,293.970991,0.102971,1.784004
"MS Two-Lock TTAS",11,750,2787.476773,27.874768,226.645641,0.081309,1.770433
"MS Two-Lock TTAS",11,750,2766.049714,27.660497,223.887090,0.080941,1.771002
"MS Two-Lock TTAS",11,1000,3226.286732,32.262867,202.821110,0.062865,2.196803
"MS Two-Lock TTAS",11,1000,3161.904450,31.619045,211.128608,0.066773,2.186374
"MS Two-Lock TTAS",11,1000,3154.977814,31.549778,238.400588,0.075563,2.180792
"MS Two-Lock TTAS",12,0,4263.017574,42.630176,268.727628,0.063037,1.233915
"MS Two-Lock TTAS",12,0,4227.112591,42.271126,277.209551,0.065579,1.227920
"MS Two-Lock TTAS",12,0,4198.562130,41.985621,350.884954,0.083573,1.220518
"MS Two-Lock TTAS",12,250,4096.343549,40.963435,303.374388,0.074060,1.451658
"MS Two-Lock TTAS",12,250,4046.321321,40.463213,333.330695,0.082379,1.457531
"MS Two-Lock TTAS",12,250,4018.972529,40.189725,349.768477,0.087029,1.434728
"MS Two-Lock TTAS",12,500,3173.339677,31.733397,199.377693,0.062829,1.493863
"MS Two-Lock TTAS",12,500,3198.863461,31.988635,286.850805,0.089673,1.507504
"MS Two-Lock TTAS",12,500,3109.831648,31.098316,217.863590,0.070056,1.478995
"MS Two-Lock TTAS",12,750,3344.090099,33.440901,261.443839,0.078181,1.836571
"MS Two-Lock TTAS",12,750,3443.354141,34.433541,135.716219,0.039414,1.846910
"MS Two-Lock TTAS",12,750,3361.936891,33.619369,206.019264,0.061280,1.833632
"MS Two-Lock TTAS",12,1000,3856.792798,38.567928,281.230031,0.072918,2.237936
"MS Two-Lock TTAS",12,1000,3791.900309,37.919003,238.358264,0.062860,2.241287
"MS Two-Lock TTAS",12,1000,3866.568810,38.665688,187.116542,0.048393,2.255344